"","time_step","low_marsh_area","high_marsh_area","total_marsh_area","upland_extent","marsh_encroach_area","fiddler_crabs","sea_level_rise"
"1",1,7000,33000,40000,2400,0,1,2.8326
"2",1.25,6993.935902,33008.53804,40002.47395,2399.89645,0.103550349,1.08642,2.83325
"3",1.5,6987.922858,33017.02702,40004.94988,2399.792866,0.203454177,1.181106233,2.8339
"4",1.75,6981.960881,33025.46684,40007.42772,2399.689249,0.29983928,1.284995098,2.83455
"5",2,6976.049989,33033.85744,40009.90743,2399.585598,0.392829006,1.399156305,2.8352
"6",2.25,6970.190203,33042.19873,40012.38893,2399.481915,0.482542407,1.524817095,2.83585
"7",2.5,6964.38155,33050.49064,40014.87219,2399.378198,0.569094391,1.663391913,2.8365
"8",2.75,6958.624065,33058.73312,40017.35719,2399.274447,0.652595866,1.81651907,2.83715
"9",3,6952.917788,33066.92609,40019.84388,2399.170663,0.733153872,1.986106331,2.8378
"10",3.25,6947.262771,33075.06951,40022.33228,2399.066846,0.810871722,2.172498728,2.83845
"11",3.5,6941.659063,33083.16331,40024.82237,2398.962996,0.885849126,2.377530691,2.8391
"12",3.75,6936.106727,33091.20745,40027.31417,2398.859112,0.958182319,2.60329353,2.83975
"13",4,6930.605829,33099.20187,40029.8077,2398.755195,1.027964179,2.852158834,2.8404
"14",4.25,6925.156452,33107.14655,40032.303,2398.651244,1.095284343,3.126678336,2.84105
"15",4.5,6919.758681,33115.04143,40034.80011,2398.547261,1.160229323,3.429697433,2.8417
"16",4.75,6914.412551,33122.88647,40037.29903,2398.443244,1.22288261,3.764598359,2.84235
"17",5,6909.118173,33130.68166,40039.79983,2398.339193,1.28332478,4.135265813,2.843
"18",5.25,6903.875679,33138.42695,40042.30263,2398.23511,1.341633595,4.546181234,2.84365
"19",5.5,6898.685218,33146.12232,40044.80754,2398.130993,1.397884103,5.002498997,2.8443
"20",5.75,6893.54696,33153.76775,40047.31471,2398.026843,1.452148729,5.508894117,2.844918416
"21",6,6888.458895,33161.36541,40049.82431,2397.922661,1.504496148,6.071897867,2.845452607
"22",6.25,6883.415365,33168.92116,40052.33652,2397.818453,1.554990714,6.700242794,2.845986798
"23",6.5,6878.416543,33176.43496,40054.85151,2397.714218,1.603697831,7.398011059,2.846520989
"24",6.75,6873.46267,33183.90681,40057.36948,2397.609957,1.650680608,8.159637417,2.84705518
"25",7,6868.553989,33191.33669,40059.89068,2397.505669,1.695999938,8.94139596,2.847571324
"26",7.25,6863.689295,33198.72583,40062.41512,2397.401356,1.739713939,9.713640474,2.848080699
"27",7.5,6858.868262,33206.07469,40064.94295,2397.297017,1.781879111,10.44493495,2.848590074
"28",7.75,6854.090861,33213.38327,40067.47413,2397.192654,1.822550212,11.14320624,2.849099449
"29",8,6849.356901,33220.65155,40070.00845,2397.088265,1.861780072,11.80974027,2.849608824
"30",8.25,6844.666197,33227.87952,40072.54571,2396.983852,1.899619663,12.42587572,2.850118199
"31",8.5,6840.018495,33235.06717,40075.08567,2396.879413,1.936118166,13.0418044,2.850627574
"32",8.75,6835.414684,33242.21451,40077.6292,2396.77495,1.971323028,13.66308047,2.851136949
"33",9,6830.854765,33249.32153,40080.17629,2396.670461,2.00528003,14.29568464,2.851646324
"34",9.25,6826.338778,33256.38822,40082.727,2396.565947,2.038033337,14.94501849,2.852155699
"35",9.5,6821.866795,33263.41459,40085.28138,2396.461408,2.069625562,15.6056061,2.852665074
"36",9.75,6817.439075,33270.40063,40087.83971,2396.356844,2.100097818,16.27380509,2.853174449
"37",10,6813.057079,33277.34637,40090.40344,2396.252256,2.129489766,16.95122882,2.853683824
"38",10.25,6808.720849,33284.25179,40092.97264,2396.147642,2.157839675,17.63256864,2.854193199
"39",10.5,6804.430385,33291.11691,40095.54729,2396.043003,2.18518446,18.31527996,2.854702574
"40",10.75,6800.185661,33297.94174,40098.1274,2395.938339,2.21155974,18.9968993,2.855211949
"41",11,6795.987873,33304.7263,40100.71417,2395.83365,2.236999875,19.67346466,2.855721324
"42",11.25,6791.837925,33311.47059,40103.30851,2395.728935,2.261538014,20.34468976,2.856230699
"43",11.5,6787.735714,33318.17463,40105.91035,2395.624196,2.285206138,21.01181261,2.856701029
"44",11.75,6783.678413,33324.84118,40108.51959,2395.519435,2.308034037,21.67687403,2.857138824
"45",12,6779.663677,33331.47253,40111.13621,2395.414652,2.330050663,22.34383959,2.857576618
"46",12.25,6775.693895,33338.06869,40113.76258,2395.309848,2.351284838,23.01973748,2.858014412
"47",12.5,6771.769348,33344.62968,40116.39903,2395.205024,2.371764367,23.70109967,2.858452206
"48",12.75,6767.890083,33351.15552,40119.04561,2395.100179,2.391516071,24.37871771,2.858850956
"49",13,6764.053256,33357.64898,40121.70223,2394.995315,2.410564815,25.0385038,2.859249706
"50",13.25,6760.259436,33364.11006,40124.36949,2394.890433,2.428935612,25.6819514,2.859648456
"51",13.5,6756.510147,33370.53879,40127.04894,2394.785532,2.446652587,26.3139745,2.860047206
"52",13.75,6752.805114,33376.9352,40129.74031,2394.680612,2.463739012,26.94303514,2.860445956
"53",14,6749.144232,33383.29931,40132.44354,2394.575674,2.480217332,27.58114286,2.860844706
"54",14.25,6745.527641,33389.63114,40135.15878,2394.470717,2.496109198,28.22971257,2.861243456
"55",14.5,6741.95681,33395.93072,40137.88753,2394.365742,2.511435492,28.88784304,2.861642206
"56",14.75,6738.433454,33402.19809,40140.63155,2394.260748,2.526216355,29.53816327,2.862040956
"57",15,6734.957332,33408.43327,40143.3906,2394.155736,2.540471215,30.18481592,2.862439706
"58",15.25,6731.528306,33414.6363,40146.16461,2394.050705,2.55421881,30.82261878,2.862838456
"59",15.5,6728.146111,33420.80721,40148.95332,2393.945656,2.567477213,31.43373871,2.863237206
"60",15.75,6724.811794,33426.94603,40151.75782,2393.840588,2.580263856,32.04123275,2.863635956
"61",16,6721.526128,33433.05279,40154.57892,2393.735502,2.592595551,32.65733386,2.864034706
"62",16.25,6718.289308,33439.12755,40157.41685,2393.630397,2.604488515,33.2978872,2.864433456
"63",16.5,6715.101985,33445.17032,40160.27231,2393.525273,2.615958389,33.93353965,2.864832206
"64",16.75,6711.963967,33451.18116,40163.14513,2393.420131,2.627020257,34.56111745,2.865230956
"65",17,6708.876796,33457.16011,40166.0369,2393.31497,2.637688668,35.18171402,2.865629706
"66",17.25,6705.841068,33463.10719,40168.94826,2393.209791,2.647977655,35.80552947,2.86600752
"67",17.5,6702.855362,33469.02394,40171.8793,2393.104595,2.657900286,36.42711476,2.866380682
"68",17.75,6699.919226,33474.91071,40174.82994,2392.999381,2.667469533,37.04010369,2.866753844
"69",18,6697.032324,33480.76756,40177.79988,2392.894151,2.676698012,37.62784558,2.867127005
"70",18.25,6694.195427,33486.59452,40180.78994,2392.788903,2.68559789,38.20931806,2.867492316
"71",18.5,6691.408557,33492.39218,40183.80074,2392.683639,2.69418073,38.79701624,2.867836691
"72",18.75,6688.67042,33498.16208,40186.8325,2392.57836,2.702457404,39.39868727,2.868181066
"73",19,6685.981482,33503.90424,40189.88572,2392.473065,2.710438854,40.00339904,2.868525441
"74",19.25,6683.341807,33509.61872,40192.96052,2392.367755,2.718135633,40.59997504,2.868869816
"75",19.5,6680.752155,33515.30555,40196.05771,2392.262429,2.725557917,41.21085609,2.869214191
"76",19.75,6678.21456,33520.9648,40199.17936,2392.157089,2.732715522,41.83668868,2.869558566
"77",20,6675.729587,33526.5965,40202.32609,2392.051732,2.73961791,42.47816368,2.869902941
"78",20.25,6673.29783,33532.2007,40205.49853,2391.946361,2.746274209,43.13586266,2.870247316
"79",20.5,6670.919904,33537.77747,40208.69737,2391.840974,2.752693221,43.81049214,2.870591691
"80",20.75,6668.598162,33543.32685,40211.92501,2391.735572,2.758883434,44.5029217,2.870936066
"81",21,6666.334836,33548.84889,40215.18373,2391.630154,2.764853032,45.21432984,2.871280441
"82",21.25,6664.13074,33554.34366,40218.4744,2391.524722,2.770609909,45.94549714,2.871624816
"83",21.5,6661.986722,33559.81122,40221.79794,2391.419273,2.776161678,46.69724744,2.871969191
"84",21.75,6659.904457,33565.25163,40225.15608,2391.31381,2.781515677,47.47072186,2.872313566
"85",22,6657.888276,33570.66495,40228.55322,2391.208331,2.786678987,48.26726286,2.872657941
"86",22.25,6655.939297,33576.05125,40231.99055,2391.102837,2.791658431,49.08803744,2.873002316
"87",22.5,6654.058698,33581.41061,40235.4693,2390.997328,2.796460594,49.93415812,2.873346691
"88",22.75,6652.249547,33586.74309,40238.99264,2390.891803,2.801091822,50.80706492,2.873690569
"89",23,6650.517018,33592.04882,40242.56583,2390.786263,2.805558226,51.70845225,2.874029471
"90",23.25,6648.862335,33597.32821,40246.19055,2390.680708,2.809865608,52.63976146,2.874368374
"91",23.5,6647.287153,33602.58137,40249.86853,2390.575138,2.814019666,53.60249592,2.874707277
"92",23.75,6645.800223,33607.80838,40253.6086,2390.469553,2.818025892,54.59865542,2.87504618
"93",24,6644.404658,33613.00933,40257.41399,2390.363953,2.821889582,55.63005587,2.875377919
"94",24.25,6643.102199,33618.18484,40261.28704,2390.258338,2.825615702,56.69858326,2.875703688
"95",24.5,6641.90369,33623.33543,40265.23912,2390.152709,2.829209065,57.80623364,2.876029457
"96",24.75,6640.814506,33628.46121,40269.27572,2390.047066,2.832674429,58.95516297,2.876355226
"97",25,6639.837722,33633.56233,40273.40005,2389.941409,2.836016384,60.14762633,2.876680995
"98",25.25,6638.992555,33638.63889,40277.63145,2389.835738,2.839239356,61.38540208,2.877006765
"99",25.5,6638.283128,33643.69107,40281.9742,2389.730052,2.842347611,62.67100778,2.877332534
"100",25.75,6637.723729,33648.71901,40286.44274,2389.624352,2.845345264,64.00624688,2.877658303
"101",26,6637.330995,33653.72289,40291.05389,2389.518638,2.848236282,65.39290086,2.877984072
"102",26.25,6637.114695,33658.70292,40295.81761,2389.41291,2.851024491,66.83325079,2.878309842
"103",26.5,6637.104677,33663.65929,40300.76397,2389.307168,2.853713578,68.32744111,2.878635611
"104",26.75,6637.308802,33668.59226,40305.90106,2389.201411,2.8563071,69.87789782,2.87896138
"105",27,6637.767163,33673.50208,40311.26924,2389.09564,2.858808486,71.48283899,2.879287149
"106",27.25,6638.490069,33678.38905,40316.87912,2388.989855,2.861221043,73.14351284,2.879612919
"107",27.5,6639.520056,33683.25349,40322.77355,2388.884056,2.863547958,74.85716564,2.879938688
"108",27.75,6640.872794,33688.09578,40328.96857,2388.778242,2.865792307,76.62338365,2.880264457
"109",28,6642.581989,33692.91629,40335.49828,2388.672415,2.867957052,78.43706158,2.880590226
"110",28.25,6644.661992,33697.71547,40342.37746,2388.566573,2.870045051,80.29520255,2.880915995
"111",28.5,6647.127635,33702.49375,40349.62139,2388.460717,2.87205906,82.1932267,2.881241444
"112",28.75,6649.961843,33707.25164,40357.21348,2388.354847,2.874001729,84.12507964,2.881566331
"113",29,6653.14545,33711.9896,40365.13505,2388.248963,2.875875609,86.0868685,2.881891218
"114",29.25,6656.59153,33716.70807,40373.2996,2388.143064,2.877683172,88.07243099,2.882216104
"115",29.5,6660.159815,33721.40736,40381.56718,2388.037152,2.879426798,90.07744016,2.882540991
"116",29.75,6663.751613,33726.08761,40389.83923,2387.931225,2.881108784,92.09853709,2.882860464
"117",30,6667.366545,33730.74923,40398.11577,2387.825285,2.882731242,94.13451918,2.883178733
"118",30.25,6671.004532,33735.39232,40406.39685,2387.719331,2.884296287,96.18414424,2.883497002
"119",30.5,6674.665577,33740.0169,40414.68248,2387.613363,2.885805983,98.24613323,2.883815271
"120",30.75,6678.349686,33744.623,40422.97269,2387.507381,2.88726232,100.3191733,2.884133541
"121",31,6682.056864,33749.21064,40431.2675,2387.401386,2.888667213,102.4019207,2.88445181
"122",31.25,6685.787115,33753.77983,40439.56694,2387.295377,2.890022513,104.4930044,2.884770079
"123",31.5,6689.540444,33758.3306,40447.87105,2387.189354,2.891330002,106.5910295,2.885088348
"124",31.75,6693.316856,33762.86298,40456.17984,2387.083318,2.892591399,108.6945807,2.885406618
"125",32,6697.116357,33767.37698,40464.49334,2386.977267,2.893808361,110.802226,2.885724887
"126",32.25,6700.938949,33771.87263,40472.81158,2386.871203,2.894982485,112.9125209,2.886043156
"127",32.5,6704.784639,33776.34995,40481.13459,2386.765126,2.896115311,115.024012,2.886361425
"128",32.75,6708.653431,33780.80896,40489.46239,2386.659034,2.897208325,117.1352411,2.886679695
"129",33,6712.545329,33785.24968,40497.79501,2386.552929,2.898262958,119.2447492,2.886997964
"130",33.25,6716.460338,33789.67213,40506.13247,2386.446811,2.899280589,121.3510806,2.887316233
"131",33.5,6720.398462,33794.07635,40514.47481,2386.340678,2.900262551,123.4527868,2.887634502
"132",33.75,6724.359707,33798.46234,40522.82205,2386.234532,2.901210125,125.5484307,2.887952771
"133",34,6728.344077,33802.83014,40531.17422,2386.128372,2.902124548,127.6365901,2.888271041
"134",34.25,6732.351576,33807.17976,40539.53134,2386.022199,2.903007013,129.715862,2.88858931
"135",34.5,6736.382209,33811.51124,40547.89345,2385.916011,2.903858669,131.7848661,2.888907579
"136",34.75,6740.43598,33815.82458,40556.26056,2385.809811,2.904680624,133.8422486,2.889225848
"137",35,6744.512894,33820.11982,40564.63271,2385.703596,2.905473947,135.8866852,2.889544118
"138",35.25,6748.612955,33824.39697,40573.00993,2385.597368,2.906239668,137.9168852,2.889861534
"139",35.5,6752.736106,33828.65613,40581.39224,2385.491126,2.906978763,139.9315937,2.890170425
"140",35.75,6756.881747,33832.89792,40589.77966,2385.384871,2.907692033,141.9295954,2.890479315
"141",36,6761.049881,33837.12235,40598.17224,2385.278602,2.908380407,143.9097167,2.890788205
"142",36.25,6765.240513,33841.32947,40606.56998,2385.172321,2.90904478,145.8708284,2.891097096
"143",36.5,6769.453647,33845.51927,40614.97292,2385.066027,2.909686016,147.8118482,2.891405666
"144",36.75,6773.689264,33849.69183,40623.38109,2384.959719,2.910304943,149.7317422,2.891713971
"145",37,6777.947349,33853.84716,40631.79451,2384.853398,2.910902358,151.6295275,2.892022275
"146",37.25,6782.227906,33857.9853,40640.21321,2384.747064,2.911479035,153.5042727,2.892330579
"147",37.5,6786.53094,33862.10627,40648.63721,2384.640718,2.912035721,155.3551003,2.892638883
"148",37.75,6790.856455,33866.21009,40657.06655,2384.534358,2.912573135,157.1811868,2.892947187
"149",38,6795.204455,33870.29679,40665.50125,2384.427985,2.91309197,158.9817642,2.893255492
"150",38.25,6799.574943,33874.36639,40673.94133,2384.321598,2.913592897,160.7561201,2.893563796
"151",38.5,6803.967925,33878.4189,40682.38683,2384.215199,2.914076558,162.5035983,2.8938721
"152",38.75,6808.383403,33882.45436,40690.83777,2384.108787,2.914543576,164.2235987,2.894180404
"153",39,6812.821382,33886.47279,40699.29417,2384.002362,2.914994549,165.9155773,2.894488708
"154",39.25,6817.281865,33890.47421,40707.75607,2383.895923,2.915430054,167.5790459,2.894797013
"155",39.5,6821.764857,33894.45864,40716.2235,2383.789472,2.915850649,169.2135713,2.895105317
"156",39.75,6826.270362,33898.42611,40724.69647,2383.683007,2.91625687,170.8187751,2.895413621
"157",40,6830.798383,33902.37663,40733.17502,2383.576529,2.916649234,172.3943321,2.895721925
"158",40.25,6835.348925,33906.31024,40741.65917,2383.470039,2.91702824,173.9399696,2.896030229
"159",40.5,6839.92199,33910.22696,40750.14895,2383.363535,2.917394367,175.4554664,2.896338534
"160",40.75,6844.517584,33914.1268,40758.64439,2383.257018,2.917748081,176.940651,2.896646838
"161",41,6849.135709,33918.0098,40767.14551,2383.150488,2.918089826,178.3954003,2.896951248
"162",41.25,6853.776093,33921.87625,40775.65235,2383.043945,2.918419963,179.8196381,2.897248844
"163",41.5,6858.438252,33925.72667,40784.16492,2382.93739,2.918738783,181.2133333,2.897546439
"164",41.75,6863.12219,33929.56107,40792.68326,2382.830823,2.919046694,182.5764982,2.897844035
"165",42,6867.827911,33933.37948,40801.20739,2382.724243,2.919344088,183.9091864,2.89814163
"166",42.25,6872.555419,33937.18192,40809.73734,2382.61765,2.919631344,185.2114915,2.89843653
"167",42.5,6877.304524,33940.9686,40818.27313,2382.511045,2.919908777,186.4835445,2.898730831
"168",42.75,6882.075188,33944.7396,40826.81478,2382.404428,2.92017673,187.7255122,2.899025132
"169",43,6886.867414,33948.49493,40835.36234,2382.297799,2.920435543,188.9375952,2.899319432
"170",43.25,6891.681205,33952.23461,40843.91582,2382.191158,2.920685546,190.1200258,2.899613733
"171",43.5,6896.516565,33955.95867,40852.47524,2382.084504,2.920927054,191.273066,2.899908034
"172",43.75,6901.373498,33959.66714,40861.04064,2381.977838,2.921160375,192.3970057,2.900202334
"173",44,6906.252007,33963.36003,40869.61204,2381.87116,2.921385801,193.4921605,2.900496635
"174",44.25,6911.152095,33967.03737,40878.18946,2381.76447,2.921603618,194.5588698,2.900790936
"175",44.5,6916.073765,33970.69918,40886.77294,2381.657767,2.921814097,195.5974951,2.901085237
"176",44.75,6921.017022,33974.34548,40895.3625,2381.551052,2.922017504,196.6084179,2.901379537
"177",45,6925.981868,33977.97629,40903.95816,2381.444325,2.922214092,197.5920381,2.901673838
"178",45.25,6930.968308,33981.59165,40912.55996,2381.337586,2.922404105,198.5487718,2.901968139
"179",45.5,6935.976343,33985.19156,40921.16791,2381.230835,2.922587781,199.4790504,2.902262439
"180",45.75,6941.005978,33988.77607,40929.78204,2381.124071,2.922765347,200.3833179,2.90255674
"181",46,6946.057216,33992.34517,40938.40239,2381.017295,2.922937022,201.2620301,2.902851041
"182",46.25,6951.13006,33995.89891,40947.02897,2380.910507,2.923103017,202.115653,2.903145341
"183",46.5,6956.224514,33999.43731,40955.66182,2380.803707,2.923263536,202.9446608,2.903439642
"184",46.75,6961.34058,34002.96038,40964.30096,2380.696894,2.923418776,203.749535,2.903729224
"185",47,6966.477924,34006.46849,40972.94641,2380.59007,2.92356884,204.530763,2.90401611
"186",47.25,6971.636358,34009.96185,40981.5982,2380.483234,2.923713864,205.2888367,2.904302997
"187",47.5,6976.815883,34013.44048,40990.25636,2380.376386,2.923854029,206.0242514,2.904589883
"188",47.75,6982.016503,34016.90441,40998.92092,2380.269526,2.92398951,206.7375046,2.904876297
"189",48,6987.238188,34020.3537,41007.59189,2380.162655,2.924120465,207.4290951,2.905157993
"190",48.25,6992.480602,34023.7887,41016.2693,2380.055772,2.924246971,208.0995217,2.905439688
"191",48.5,6997.74375,34027.20944,41024.95319,2379.948877,2.924369188,208.7492828,2.905721384
"192",48.75,7003.027633,34030.61593,41033.64357,2379.841972,2.924487268,209.3788748,2.90600308
"193",49,7008.332255,34034.00821,41042.34046,2379.735054,2.924601361,209.9887921,2.906284776
"194",49.25,7013.657619,34037.38629,41051.04391,2379.628126,2.924711609,210.5795258,2.906566472
"195",49.5,7019.003728,34040.75019,41059.75392,2379.521185,2.924818149,211.1515631,2.906848167
"196",49.75,7024.370585,34044.09994,41068.47053,2379.414234,2.924921114,211.705387,2.907129863
"197",50,7029.758193,34047.43557,41077.19376,2379.307271,2.925020633,212.2414752,2.907411559
"198",50.25,7035.166555,34050.75708,41085.92364,2379.200296,2.925116828,212.7603003,2.907693255
"199",50.5,7040.595673,34054.06451,41094.66018,2379.09331,2.925209817,213.2623284,2.907974951
"200",50.75,7046.045551,34057.35788,41103.40343,2378.986313,2.925299717,213.7480195,2.908256646
"201",51,7051.516192,34060.63721,41112.1534,2378.879304,2.925386635,214.2178268,2.908538342
"202",51.25,7057.007598,34063.90251,41120.91011,2378.772283,2.92547068,214.6721962,2.908820038
"203",51.5,7062.519772,34067.15383,41129.6736,2378.665252,2.925551953,215.1115663,2.909101734
"204",51.75,7068.052718,34070.39117,41138.44389,2378.558209,2.925630553,215.536368,2.90938343
"205",52,7073.606438,34073.61457,41147.221,2378.451154,2.925706575,215.9470243,2.909665125
"206",52.25,7079.180934,34076.82403,41156.00497,2378.344088,2.925780112,216.34395,2.909946821
"207",52.5,7084.77621,34080.01959,41164.7958,2378.23701,2.92585125,216.7275517,2.910226766
"208",52.75,7090.392144,34083.2014,41173.59354,2378.129922,2.925920045,217.0982278,2.910506537
"209",53,7096.028724,34086.36948,41182.3982,2378.022822,2.925986575,217.456368,2.910786307
"210",53.25,7101.685955,34089.52386,41191.20982,2377.91571,2.926050921,217.8023536,2.911066077
"211",53.5,7107.363838,34092.66457,41200.02841,2377.808587,2.926113161,218.1365571,2.911344847
"212",53.75,7113.062305,34095.7917,41208.854,2377.701453,2.92617335,218.4593426,2.911621866
"213",54,7118.781233,34098.90539,41217.68662,2377.594308,2.926231531,218.7710655,2.911898885
"214",54.25,7124.520625,34102.00567,41226.52629,2377.487152,2.926287774,219.0720725,2.912175904
"215",54.5,7130.280482,34105.09256,41235.37304,2377.379985,2.926342147,219.3627019,2.912452924
"216",54.75,7136.060808,34108.16608,41244.22689,2377.272806,2.926394718,219.6432833,2.912729943
"217",55,7141.861606,34111.22626,41253.08787,2377.165616,2.926445548,219.9141379,2.913006962
"218",55.25,7147.682879,34114.27312,41261.956,2377.058416,2.9264947,220.1755783,2.913283981
"219",55.5,7153.524628,34117.30667,41270.8313,2376.951204,2.926542234,220.4279091,2.913561001
"220",55.75,7159.386856,34120.32695,41279.71381,2376.84398,2.926588205,220.6714264,2.91383802
"221",56,7165.269567,34123.33398,41288.60355,2376.736746,2.926632668,220.9064183,2.914115039
"222",56.25,7171.172762,34126.32777,41297.50053,2376.629501,2.926675678,221.1331649,2.914392058
"223",56.5,7177.096445,34129.30836,41306.4048,2376.522244,2.926717284,221.3519384,2.914669078
"224",56.75,7183.040618,34132.27575,41315.31637,2376.414977,2.926757536,221.5630031,2.914946097
"225",57,7189.005283,34135.22998,41324.23527,2376.307698,2.926796481,221.7666159,2.915223116
"226",57.25,7194.990443,34138.17107,41333.16152,2376.200408,2.926834165,221.963026,2.915500135
"227",57.5,7200.996101,34141.09904,41342.09514,2376.093107,2.926870632,222.1524754,2.915777154
"228",57.75,7207.022258,34144.01392,41351.03617,2375.985795,2.926905924,222.3351987,2.916054174
"229",58,7213.068919,34146.91572,41359.98463,2375.878472,2.926940082,222.5114237,2.916331466
"230",58.25,7219.136104,34149.80444,41368.94055,2375.771137,2.926973151,222.6813711,2.916609984
"231",58.5,7225.223905,34152.68004,41377.90394,2375.663792,2.92700519,222.8452549,2.916888503
"232",58.75,7231.332324,34155.54251,41386.87484,2375.556435,2.927036234,223.0032825,2.917167021
"233",59,7237.461363,34158.3919,41395.85326,2375.449067,2.927066319,223.1556548,2.91744554
"234",59.25,7243.611025,34161.22822,41404.83925,2375.341688,2.927095477,223.3025665,2.91772716
"235",59.5,7249.781536,34164.05127,41413.83281,2375.234298,2.927123795,223.4442061,2.918010551
"236",59.75,7255.973025,34166.86095,41422.83398,2375.126896,2.927151336,223.5807561,2.918293943
"237",60,7262.185495,34169.65728,41431.84278,2375.019482,2.927178123,223.7123931,2.918577334
"238",60.25,7268.418949,34172.44029,41440.85924,2374.912057,2.927204185,223.8392881,2.918860726
"239",60.5,7274.673388,34175.20999,41449.88338,2374.804621,2.927229543,223.9616067,2.919144118
"240",60.75,7280.948816,34177.96642,41458.91523,2374.697173,2.927254223,224.0795087,2.919427509
"241",61,7287.245234,34180.70959,41467.95482,2374.589714,2.927278247,224.1931492,2.919710901
"242",61.25,7293.562646,34183.43952,41477.00217,2374.482243,2.927301637,224.3026778,2.919994292
"243",61.5,7299.901053,34186.15625,41486.05731,2374.374761,2.927324414,224.4082393,2.920277684
"244",61.75,7306.260458,34188.8598,41495.12025,2374.267267,2.927346598,224.5099736,2.920561076
"245",62,7312.640863,34191.55018,41504.19104,2374.159762,2.927368209,224.6080161,2.920844467
"246",62.25,7319.042271,34194.22742,41513.26969,2374.052245,2.927389266,224.7024976,2.921127859
"247",62.5,7325.464683,34196.89155,41522.35623,2373.944717,2.927409786,224.7935443,2.921411251
"248",62.75,7331.908103,34199.54259,41531.45069,2373.837178,2.927429788,224.8812784,2.921694642
"249",63,7338.372533,34202.18056,41540.55309,2373.729627,2.927449289,224.9658179,2.921978034
"250",63.25,7344.857974,34204.80548,41549.66345,2373.622065,2.927468304,225.0472767,2.922261425
"251",63.5,7351.36443,34207.41738,41558.78181,2373.514491,2.92748685,225.1257649,2.922544817
"252",63.75,7357.891902,34210.01629,41567.90819,2373.406906,2.927504941,225.2013886,2.922828601
"253",64,7364.440421,34212.6022,41577.04262,2373.299309,2.927522599,225.2742507,2.923112857
"254",64.25,7371.010023,34215.17509,41586.18511,2373.191701,2.927539846,225.34445,2.923397112
"255",64.5,7377.600711,34217.73499,41595.3357,2373.084081,2.927556696,225.4120824,2.923681368
"256",64.75,7384.212487,34220.28193,41604.49442,2372.97645,2.92757316,225.4772401,2.923965623
"257",65,7390.845352,34222.81593,41613.66128,2372.868807,2.927589252,225.5400123,2.924262443
"258",65.25,7397.500216,34225.3361,41622.83632,2372.761153,2.927605207,225.600485,2.92456052
"259",65.5,7404.177172,34227.84239,41632.01956,2372.653486,2.927621053,225.6587412,2.924858597
"260",65.75,7410.876221,34230.33481,41641.21103,2372.545806,2.92763679,225.714861,2.925156674
"261",66,7417.597367,34232.81339,41650.41076,2372.438115,2.92765242,225.7689218,2.925454751
"262",66.25,7424.34061,34235.27816,41659.61878,2372.330411,2.927667945,225.820998,2.925752828
"263",66.5,7431.105954,34237.72915,41668.8351,2372.222695,2.927683367,225.8711617,2.926050905
"264",66.75,7437.8934,34240.16637,41678.05977,2372.114966,2.927698687,225.9194822,2.926348982
"265",67,7444.702951,34242.58985,41687.2928,2372.007226,2.927713907,225.9660265,2.926647059
"266",67.25,7451.534609,34244.99961,41696.53422,2371.899473,2.927729028,226.0108592,2.926945136
"267",67.5,7458.388375,34247.39569,41705.78407,2371.791707,2.927744051,226.0540425,2.927243213
"268",67.75,7465.264253,34249.7781,41715.04236,2371.68393,2.927758979,226.0956364,2.92754129
"269",68,7472.162244,34252.14688,41724.30913,2371.57614,2.927773811,226.135699,2.927839367
"270",68.25,7479.08235,34254.50204,41733.58439,2371.468339,2.92778855,226.174286,2.928137443
"271",68.5,7486.024574,34256.84362,41742.86819,2371.360524,2.927803197,226.2114513,2.92843552
"272",68.75,7492.988917,34259.17163,41752.16055,2371.252698,2.927817752,226.2472469,2.928733597
"273",69,7499.975382,34261.4861,41761.46149,2371.144859,2.927832217,226.2817227,2.929031674
"274",69.25,7506.98397,34263.78707,41770.77104,2371.037009,2.927846594,226.314927,2.929329751
"275",69.5,7514.014685,34266.07454,41780.08922,2370.929145,2.927860882,226.3469064,2.929627828
"276",69.75,7521.067526,34268.34855,41789.41608,2370.82127,2.927875084,226.3777057,2.929925905
"277",70,7528.142498,34270.60912,41798.75162,2370.713383,2.9278892,226.4073682,2.930223982
"278",70.25,7535.239601,34272.85628,41808.09588,2370.605483,2.92790323,226.4359355,2.930522059
"279",70.5,7542.358838,34275.09006,41817.4489,2370.497571,2.927917177,226.4634477,2.930822357
"280",70.75,7549.500372,34277.31031,41826.81068,2370.389646,2.92793108,226.4899436,2.931132651
"281",71,7556.664926,34279.51635,41836.18127,2370.281709,2.927945118,226.5154605,2.931442945
"282",71.25,7563.852503,34281.70819,41845.56069,2370.173759,2.927959284,226.5400344,2.931753239
"283",71.5,7571.063106,34283.88586,41854.94897,2370.065796,2.927973571,226.5636999,2.932063534
"284",71.75,7578.296735,34286.0494,41864.34614,2369.95782,2.927987971,226.5864903,2.932374864
"285",72,7585.553468,34288.19875,41873.75222,2369.849831,2.928002498,226.608438,2.932686787
"286",72.25,7592.83335,34290.3339,41883.16725,2369.741829,2.928017154,226.6295738,2.93299871
"287",72.5,7600.136382,34292.45487,41892.59125,2369.633814,2.928031933,226.6499276,2.933310633
"288",72.75,7607.462567,34294.56169,41902.02425,2369.525786,2.928046827,226.6695284,2.933622557
"289",73,7614.811906,34296.65438,41911.46629,2369.417745,2.92806183,226.6884037,2.93393448
"290",73.25,7622.184401,34298.73298,41920.91738,2369.309691,2.928076936,226.7065803,2.934246403
"291",73.5,7629.580054,34300.7975,41930.37756,2369.201624,2.928092139,226.724084,2.934558326
"292",73.75,7636.998867,34302.84798,41939.84685,2369.093543,2.928107431,226.7409396,2.934870249
"293",74,7644.440842,34304.88445,41949.32529,2368.98545,2.928122809,226.757171,2.935182172
"294",74.25,7651.90598,34306.90692,41958.8129,2368.877344,2.928138266,226.7728012,2.935494095
"295",74.5,7659.394284,34308.91543,41968.30971,2368.769225,2.928153797,226.7878524,2.935806018
"296",74.75,7666.905754,34310.91,41977.81575,2368.661093,2.928169398,226.802346,2.936117941
"297",75,7674.440394,34312.89066,41987.33105,2368.552949,2.928185062,226.8163025,2.936429864
"298",75.25,7681.998204,34314.85743,41996.85564,2368.444791,2.928200785,226.8297418,2.936741787
"299",75.5,7689.579187,34316.81035,42006.38954,2368.33662,2.928216564,226.842683,2.93705371
"300",75.75,7697.183344,34318.74944,42015.93278,2368.228436,2.928232392,226.8551446,2.937365633
"301",76,7704.810677,34320.67472,42025.4854,2368.120239,2.928248267,226.8671441,2.937677557
"302",76.25,7712.461187,34322.58623,42035.04742,2368.012029,2.928264185,226.8786988,2.937989063
"303",76.5,7720.134847,34324.48402,42044.61886,2367.903806,2.928280132,226.8898251,2.93830007
"304",76.75,7727.831621,34326.36815,42054.19977,2367.795571,2.928296098,226.9005387,2.938611077
"305",77,7735.551512,34328.23865,42063.79016,2367.687322,2.92831208,226.9108551,2.938922084
"306",77.25,7743.294521,34330.09554,42073.39006,2367.57906,2.928328074,226.9207887,2.93923309
"307",77.5,7751.060649,34331.93886,42082.99951,2367.470786,2.928344077,226.930354,2.93954375
"308",77.75,7758.849873,34333.76865,42092.61853,2367.362499,2.928360081,226.9395644,2.939854375
"309",78,7766.662193,34335.58495,42102.24714,2367.254198,2.928376083,226.9484331,2.940165
"310",78.25,7774.49761,34337.38778,42111.88539,2367.145885,2.92839208,226.9569727,2.940475625
"311",78.5,7782.356125,34339.17717,42121.53329,2367.037559,2.92840807,226.9651955,2.94078625
"312",78.75,7790.23774,34340.95314,42131.19088,2366.929221,2.928424052,226.9731131,2.941096875
"313",79,7798.142457,34342.71572,42140.85818,2366.820869,2.928440022,226.9807369,2.9414075
"314",79.25,7806.070278,34344.46494,42150.53522,2366.712504,2.92845598,226.9880778,2.941718125
"315",79.5,7814.021203,34346.20083,42160.22203,2366.604127,2.928471923,226.9951462,2.94202875
"316",79.75,7821.995234,34347.92341,42169.91864,2366.495737,2.928487849,227.0019523,2.942339375
"317",80,7829.992374,34349.6327,42179.62508,2366.387333,2.928503757,227.0085057,2.94265
"318",80.25,7838.012623,34351.32875,42189.34137,2366.278917,2.928519645,227.0148158,2.942960625
"319",80.5,7846.055984,34353.01156,42199.06755,2366.170488,2.928535511,227.0208917,2.94327125
"320",80.75,7854.122456,34354.68118,42208.80363,2366.062047,2.928551354,227.026742,2.943581875
"321",81,7862.212043,34356.33762,42218.54966,2365.953592,2.928567173,227.0323751,2.9438925
"322",81.25,7870.324746,34357.98092,42228.30566,2365.845125,2.928582965,227.037799,2.944203125
"323",81.5,7878.460565,34359.61109,42238.07166,2365.736644,2.92859873,227.0430215,2.94451375
"324",81.75,7886.619503,34361.22817,42247.84768,2365.628151,2.928614466,227.0480501,2.944824375
"325",82,7894.801561,34362.83219,42257.63375,2365.519645,2.928630172,227.052892,2.945122727
"326",82.25,7903.00585,34364.42406,42267.42991,2365.411127,2.928645629,227.057554,2.945416477
"327",82.5,7911.232036,34366.00414,42277.23617,2365.302597,2.92866076,227.0620429,2.945710227
"328",82.75,7919.480121,34367.57245,42287.05257,2365.194055,2.928675577,227.0663651,2.946003977
"329",83,7927.750107,34369.12903,42296.87914,2365.085501,2.928690088,227.0705267,2.946295
"330",83.25,7936.041797,34370.67409,42306.71589,2364.976936,2.928704255,227.0745338,2.94657375
"331",83.5,7944.354301,34372.20855,42316.56285,2364.868359,2.928717869,227.078392,2.9468525
"332",83.75,7952.687621,34373.73244,42326.42006,2364.759772,2.92873095,227.0821069,2.94713125
"333",84,7961.041757,34375.24577,42336.28753,2364.651173,2.928743514,227.0856839,2.94741
"334",84.25,7969.416712,34376.74858,42346.16529,2364.542564,2.928755579,227.0891279,2.94768875
"335",84.5,7977.812487,34378.24088,42356.05336,2364.433943,2.928767161,227.092444,2.9479675
"336",84.75,7986.229083,34379.7227,42365.95178,2364.325312,2.928778276,227.0956369,2.94824625
"337",85,7994.666502,34381.19407,42375.86057,2364.216669,2.92878894,227.0987112,2.948525
"338",85.25,8003.124745,34382.655,42385.77975,2364.108016,2.928799167,227.1016712,2.948802841
"339",85.5,8011.603749,34384.1056,42395.70935,2363.999352,2.928808955,227.1045213,2.949071591
"340",85.75,8020.102852,34385.54654,42405.64939,2363.890677,2.928818156,227.1072655,2.949340341
"341",86,8028.622057,34386.97784,42415.5999,2363.781992,2.928826792,227.1099078,2.949609091
"342",86.25,8037.161366,34388.39953,42425.5609,2363.673296,2.92883488,227.1124518,2.949877841
"343",86.5,8045.720779,34389.81164,42435.53242,2363.56459,2.928842439,227.1149013,2.95
"344",86.75,8054.289639,34391.22483,42445.51446,2363.455882,2.928846886,227.1172599,2.95
"345",87,8062.859063,34392.64797,42455.50703,2363.347179,2.928846168,227.1195307,2.95
"346",87.25,8071.429054,34394.08107,42465.51012,2363.238481,2.928840477,227.1217172,2.95
"347",87.5,8079.999614,34395.52412,42475.52374,2363.129788,2.928829998,227.1238224,2.95
"348",87.75,8088.570746,34396.97713,42485.54788,2363.0211,2.928814909,227.1258495,2.95
"349",88,8097.142452,34398.44009,42495.58254,2362.912417,2.92879538,227.1278011,2.95
"350",88.25,8105.714734,34399.913,42505.62773,2362.803739,2.928771578,227.1296803,2.95
"351",88.5,8114.287596,34401.39585,42515.68345,2362.695066,2.928743661,227.1314896,2.95
"352",88.75,8122.861039,34402.88865,42525.74969,2362.586398,2.928711782,227.1332317,2.95
"353",89,8131.435066,34404.39139,42535.82646,2362.477735,2.928676088,227.134909,2.95
"354",89.25,8140.009679,34405.90408,42545.91376,2362.369076,2.928636721,227.136524,2.95
"355",89.5,8148.584881,34407.4267,42556.01158,2362.260423,2.928593817,227.138079,2.95
"356",89.75,8157.160675,34408.95926,42566.11994,2362.151775,2.928547509,227.1395762,2.95
"357",90,8165.737062,34410.50176,42576.23882,2362.043132,2.928497922,227.1410177,2.95
"358",90.25,8174.314044,34412.05419,42586.36824,2361.934494,2.928445179,227.1424057,2.95
"359",90.5,8182.891626,34413.61656,42596.50818,2361.825861,2.928389396,227.143742,2.95
"360",90.75,8191.469808,34415.18885,42606.65866,2361.717233,2.928330688,227.1450287,2.95
"361",91,8200.048594,34416.77108,42616.81967,2361.60861,2.928269163,227.1462676,2.95
"362",91.25,8208.627985,34418.36323,42626.99121,2361.499992,2.928204925,227.1474604,2.95
"363",91.5,8217.207985,34419.9653,42637.17329,2361.391379,2.928138075,227.1486089,2.95
"364",91.75,8225.788595,34421.5773,42647.3659,2361.282771,2.928068711,227.1497148,2.95
"365",92,8234.369818,34423.19922,42657.56904,2361.174168,2.927996927,227.1507795,2.95
"366",92.25,8242.951657,34424.83106,42667.78272,2361.06557,2.927922811,227.1518046,2.95
"367",92.5,8251.534114,34426.47282,42678.00693,2360.956977,2.927846452,227.1527916,2.95
"368",92.75,8260.117191,34428.12449,42688.24169,2360.848388,2.927767932,227.153742,2.95
"369",93,8268.70089,34429.78608,42698.48697,2360.739805,2.927687332,227.154657,2.95
"370",93.25,8277.285215,34431.45759,42708.7428,2360.631227,2.92760473,227.155538,2.95
"371",93.5,8285.870168,34433.139,42719.00917,2360.522654,2.927520199,227.1563862,2.95
"372",93.75,8294.455751,34434.83032,42729.28607,2360.414086,2.927433812,227.157203,2.95
"373",94,8303.041966,34436.53155,42739.57352,2360.305523,2.927345638,227.1579893,2.95
"374",94.25,8311.628816,34438.24269,42749.8715,2360.196965,2.927255743,227.1587465,2.95
"375",94.5,8320.216303,34439.96373,42760.18003,2360.088412,2.927164192,227.1594754,2.95
"376",94.75,8328.80443,34441.69467,42770.4991,2359.979863,2.927071046,227.1601773,2.95
"377",95,8337.393199,34443.43551,42780.82871,2359.87132,2.926976365,227.1608531,2.95
"378",95.25,8345.982613,34445.18625,42791.16887,2359.762782,2.926880205,227.1615038,2.95
"379",95.5,8354.572674,34446.94689,42801.51957,2359.654249,2.926782623,227.1621303,2.95
"380",95.75,8363.163384,34448.71743,42811.88081,2359.545721,2.92668367,227.1627335,2.95
"381",96,8371.754746,34450.49786,42822.2526,2359.437197,2.926583398,227.1633143,2.95
"382",96.25,8380.346762,34452.28818,42832.63494,2359.328679,2.926481857,227.1638735,2.95
"383",96.5,8388.939436,34454.08839,42843.02783,2359.220166,2.926379093,227.1644119,2.95
"384",96.75,8397.532768,34455.89849,42853.43126,2359.111658,2.926275153,227.1649302,2.95
"385",97,8406.126761,34457.71848,42863.84524,2359.003155,2.926170079,227.1654294,2.95
"386",97.25,8414.721419,34459.54836,42874.26978,2358.894656,2.926063915,227.1659099,2.95
"387",97.5,8423.316743,34461.38812,42884.70486,2358.786163,2.925956701,227.1663726,2.95
"388",97.75,8431.912736,34463.23776,42895.15049,2358.677675,2.925848476,227.1668181,2.95
"389",98,8440.5094,34465.09728,42905.60668,2358.569192,2.925739278,227.167247,2.95
"390",98.25,8449.106738,34466.96668,42916.07342,2358.460713,2.925629144,227.16766,2.95
"391",98.5,8457.704752,34468.84596,42926.55071,2358.35224,2.925518108,227.1680577,2.95
"392",98.75,8466.303445,34470.73511,42937.03856,2358.243772,2.925406204,227.1684405,2.95
"393",99,8474.902818,34472.63414,42947.53696,2358.135308,2.925293465,227.1688091,2.95
"394",99.25,8483.502874,34474.54304,42958.04592,2358.02685,2.925179921,227.1691641,2.95
"395",99.5,8492.103617,34476.46181,42968.56543,2357.918397,2.925065603,227.1695058,2.95
"396",99.75,8500.705047,34478.39046,42979.0955,2357.809948,2.92495054,227.1698348,2.95
"397",100,8509.307168,34480.32897,42989.63613,2357.701505,2.924834759,227.1701516,2.95
"398",100.25,8517.909982,34482.27734,43000.18732,2357.593067,2.924718288,227.1704566,2.95
"399",100.5,8526.513492,34484.23558,43010.74907,2357.484633,2.924601152,227.1707503,2.95
"400",100.75,8535.117699,34486.20369,43021.32139,2357.376205,2.924483377,227.171033,2.95
"401",101,8543.722607,34488.18165,43031.90426,2357.267781,2.924364986,227.1713053,2.95
"402",101.25,8552.328217,34490.16948,43042.49769,2357.159363,2.924246002,227.1715674,2.95
"403",101.5,8560.934532,34492.16716,43053.10169,2357.05095,2.924126448,227.1718197,2.95
"404",101.75,8569.541555,34494.1747,43063.71625,2356.942541,2.924006345,227.1720627,2.95
"405",102,8578.149288,34496.19209,43074.34138,2356.834138,2.923885713,227.1722967,2.95
"406",102.25,8586.757733,34498.21934,43084.97708,2356.725739,2.923764572,227.172522,2.95
"407",102.5,8595.366893,34500.25644,43095.62334,2356.617346,2.923642943,227.1727388,2.95
"408",102.75,8603.97677,34502.3034,43106.28017,2356.508957,2.923520842,227.1729477,2.95
"409",103,8612.587366,34504.3602,43116.94756,2356.400574,2.923398287,227.1731487,2.95
"410",103.25,8621.198685,34506.42684,43127.62553,2356.292195,2.923275297,227.1733423,2.95
"411",103.5,8629.810727,34508.50334,43138.31406,2356.183821,2.923151886,227.1735287,2.95
"412",103.75,8638.423497,34510.58968,43149.01317,2356.075453,2.923028072,227.1737082,2.95
"413",104,8647.036996,34512.68586,43159.72285,2355.967089,2.922903868,227.1738809,2.95
"414",104.25,8655.651226,34514.79188,43170.4431,2355.858731,2.92277929,227.1740473,2.95
"415",104.5,8664.266191,34516.90774,43181.17393,2355.750377,2.922654353,227.1742075,2.95
"416",104.75,8672.881892,34519.03344,43191.91533,2355.642028,2.922529068,227.1743617,2.95
"417",105,8681.498332,34521.16898,43202.66731,2355.533685,2.922403451,227.1745102,2.95
"418",105.25,8690.115513,34523.31435,43213.42986,2355.425346,2.922277512,227.1746532,2.95
"419",105.5,8698.733438,34525.46955,43224.20299,2355.317012,2.922151265,227.1747908,2.95
"420",105.75,8707.352108,34527.63459,43234.9867,2355.208684,2.922024721,227.1749234,2.95
"421",106,8715.971528,34529.80946,43245.78099,2355.10036,2.921897891,227.175051,2.95
"422",106.25,8724.591698,34531.99415,43256.58585,2354.992041,2.921770787,227.1751738,2.95
"423",106.5,8733.212622,34534.18868,43267.4013,2354.883728,2.921643417,227.1752921,2.95
"424",106.75,8741.834301,34536.39303,43278.22733,2354.775419,2.921515794,227.175406,2.95
"425",107,8750.456738,34538.60721,43289.06394,2354.667115,2.921387926,227.1755157,2.95
"426",107.25,8759.079936,34540.8312,43299.91114,2354.558816,2.921259822,227.1756213,2.95
"427",107.5,8767.703897,34543.06502,43310.76892,2354.450522,2.921131492,227.1757229,2.95
"428",107.75,8776.328624,34545.30866,43321.63729,2354.342233,2.921002944,227.1758208,2.95
"429",108,8784.954118,34547.56212,43332.51624,2354.23395,2.920874186,227.1759151,2.95
"430",108.25,8793.580382,34549.8254,43343.40578,2354.125671,2.920745227,227.1760058,2.95
"431",108.5,8802.207419,34552.09849,43354.30591,2354.017397,2.920616074,227.1760932,2.95
"432",108.75,8810.835231,34554.3814,43365.21663,2353.909128,2.920486735,227.1761773,2.95
"433",109,8819.46382,34556.67412,43376.13794,2353.800864,2.920357216,227.1762583,2.95
"434",109.25,8828.093189,34558.97665,43387.06984,2353.692605,2.920227526,227.1763363,2.95
"435",109.5,8836.72334,34561.28899,43398.01233,2353.584351,2.920097669,227.1764113,2.95
"436",109.75,8845.354276,34563.61114,43408.96541,2353.476102,2.919967653,227.1764836,2.95
"437",110,8853.985999,34565.94309,43419.92909,2353.367858,2.919837484,227.1765532,2.95
"438",110.25,8862.618511,34568.28486,43430.90337,2353.259619,2.919707168,227.1766202,2.95
"439",110.5,8871.251815,34570.63642,43441.88824,2353.151385,2.91957671,227.1766848,2.95
"440",110.75,8879.885913,34572.99779,43452.8837,2353.043156,2.919446116,227.1767469,2.95
"441",111,8888.520808,34575.36896,43463.88977,2352.934931,2.919315391,227.1768067,2.95
"442",111.25,8897.156502,34577.74993,43474.90643,2352.826712,2.91918454,227.1768643,2.95
"443",111.5,8905.792998,34580.1407,43485.93369,2352.718498,2.919053569,227.1769197,2.95
"444",111.75,8914.430297,34582.54126,43496.97156,2352.610289,2.918922481,227.1769731,2.95
"445",112,8923.068403,34584.95162,43508.02002,2352.502085,2.918791282,227.1770245,2.95
"446",112.25,8931.707317,34587.37177,43519.07909,2352.393886,2.918659975,227.177074,2.95
"447",112.5,8940.347042,34589.80172,43530.14876,2352.285691,2.918528566,227.1771217,2.95
"448",112.75,8948.987581,34592.24146,43541.22904,2352.177502,2.918397057,227.1771675,2.95
"449",113,8957.628935,34594.69099,43552.31992,2352.069318,2.918265454,227.1772117,2.95
"450",113.25,8966.271108,34597.1503,43563.42141,2351.961138,2.918133759,227.1772542,2.95
"451",113.5,8974.914101,34599.61941,43574.53351,2351.852964,2.918001977,227.1772952,2.95
"452",113.75,8983.557918,34602.0983,43585.65622,2351.744795,2.91787011,227.1773346,2.95
"453",114,8992.20256,34604.58697,43596.78953,2351.63663,2.917738162,227.1773726,2.95
"454",114.25,9000.84803,34607.08543,43607.93346,2351.528471,2.917606137,227.1774091,2.95
"455",114.5,9009.49433,34609.59367,43619.088,2351.420316,2.917474038,227.1774443,2.95
"456",114.75,9018.141463,34612.11168,43630.25315,2351.312167,2.917341866,227.1774782,2.95
"457",115,9026.78943,34614.63948,43641.42891,2351.204022,2.917209627,227.1775108,2.95
"458",115.25,9035.438236,34617.17705,43652.61529,2351.095883,2.917077321,227.1775422,2.95
"459",115.5,9044.087881,34619.7244,43663.81229,2350.987748,2.916944952,227.1775725,2.95
"460",115.75,9052.738368,34622.28153,43675.0199,2350.879619,2.916812523,227.1776016,2.95
"461",116,9061.3897,34624.84843,43686.23813,2350.771494,2.916680035,227.1776296,2.95
"462",116.25,9070.041879,34627.4251,43697.46698,2350.663374,2.916547492,227.1776566,2.95
"463",116.5,9078.694908,34630.01154,43708.70644,2350.55526,2.916414895,227.1776826,2.95
"464",116.75,9087.348788,34632.60775,43719.95653,2350.44715,2.916282247,227.1777076,2.95
"465",117,9096.003523,34635.21372,43731.21725,2350.339045,2.91614955,227.1777317,2.95
"466",117.25,9104.659114,34637.82947,43742.48858,2350.230946,2.916016806,227.1777549,2.95
"467",117.5,9113.315564,34640.45498,43753.77054,2350.122851,2.915884017,227.1777773,2.95
"468",117.75,9121.972876,34643.09025,43765.06312,2350.014761,2.915751184,227.1777988,2.95
"469",118,9130.631051,34645.73528,43776.36634,2349.906676,2.91561831,227.1778195,2.95
"470",118.25,9139.290093,34648.39008,43787.68017,2349.798596,2.915485397,227.1778394,2.95
"471",118.5,9147.950003,34651.05464,43799.00464,2349.690521,2.915352446,227.1778586,2.95
"472",118.75,9156.610785,34653.72895,43810.33974,2349.582451,2.915219458,227.1778771,2.95
"473",119,9165.27244,34656.41302,43821.68546,2349.474386,2.915086436,227.1778949,2.95
"474",119.25,9173.93497,34659.10685,43833.04182,2349.366326,2.914953381,227.177912,2.95
"475",119.5,9182.598379,34661.81043,43844.40881,2349.258271,2.914820294,227.1779285,2.95
"476",119.75,9191.262668,34664.52376,43855.78643,2349.150221,2.914687176,227.1779444,2.95
"477",120,9199.927841,34667.24685,43867.17469,2349.042176,2.91455403,227.1779597,2.95
"478",120.25,9208.593899,34669.97969,43878.57359,2348.934136,2.914420856,227.1779744,2.95
"479",120.5,9217.260844,34672.72227,43889.98312,2348.826101,2.914287656,227.1779886,2.95
"480",120.75,9225.92868,34675.47461,43901.40329,2348.718071,2.914154431,227.1780022,2.95
"481",121,9234.597408,34678.23669,43912.8341,2348.610046,2.914021181,227.1780154,2.95
"482",121.25,9243.267031,34681.00851,43924.27554,2348.502026,2.913887909,227.178028,2.95
"483",121.5,9251.937552,34683.79008,43935.72764,2348.39401,2.913754615,227.1780402,2.95
"484",121.75,9260.608972,34686.5814,43947.19037,2348.286,2.9136213,227.1780519,2.95
"485",122,9269.281295,34689.38245,43958.66374,2348.177995,2.913487965,227.1780632,2.95
"486",122.25,9277.954522,34692.19324,43970.14776,2348.069994,2.913354611,227.1780741,2.95
"487",122.5,9286.628656,34695.01378,43981.64243,2347.961999,2.91322124,227.1780846,2.95
"488",122.75,9295.303699,34697.84405,43993.14774,2347.854008,2.913087851,227.1780946,2.95
"489",123,9303.979654,34700.68405,44004.66371,2347.746023,2.912954447,227.1781044,2.95
"490",123.25,9312.656523,34703.53379,44016.19032,2347.638043,2.912821027,227.1781137,2.95
"491",123.5,9321.334308,34706.39327,44027.72758,2347.530067,2.912687593,227.1781227,2.95
"492",123.75,9330.013013,34709.26248,44039.27549,2347.422096,2.912554144,227.1781314,2.95
"493",124,9338.692638,34712.14141,44050.83405,2347.314131,2.912420683,227.1781397,2.95
"494",124.25,9347.373187,34715.03008,44062.40327,2347.20617,2.91228721,227.1781477,2.95
"495",124.5,9356.054663,34717.92848,44073.98314,2347.098215,2.912153725,227.1781555,2.95
"496",124.75,9364.737066,34720.83661,44085.57367,2346.990264,2.912020229,227.1781629,2.95
"497",125,9373.420401,34723.75446,44097.17486,2346.882318,2.911886722,227.1781701,2.95
"498",125.25,9382.104669,34726.68203,44108.7867,2346.774377,2.911753206,227.178177,2.95
"499",125.5,9390.789872,34729.61933,44120.4092,2346.666442,2.911619681,227.1781836,2.95
"500",125.75,9399.476013,34732.56635,44132.04237,2346.558511,2.911486147,227.17819,2.95
"501",126,9408.163095,34735.5231,44143.68619,2346.450585,2.911352606,227.1781962,2.95
"502",126.25,9416.851119,34738.48956,44155.34068,2346.342664,2.911219057,227.1782021,2.95
"503",126.5,9425.540089,34741.46574,44167.00583,2346.234748,2.9110855,227.1782078,2.95
"504",126.75,9434.230006,34744.45164,44178.68165,2346.126837,2.910951938,227.1782133,2.95
"505",127,9442.920873,34747.44725,44190.36813,2346.018931,2.910818369,227.1782186,2.95
"506",127.25,9451.612692,34750.45259,44202.06528,2345.91103,2.910684795,227.1782237,2.95
"507",127.5,9460.305466,34753.46763,44213.7731,2345.803134,2.910551215,227.1782286,2.95
"508",127.75,9468.999197,34756.49239,44225.49158,2345.695243,2.910417631,227.1782333,2.95
"509",128,9477.693888,34759.52685,44237.22074,2345.587357,2.910284043,227.1782379,2.95
"510",128.25,9486.389541,34762.57103,44248.96057,2345.479475,2.910150451,227.1782423,2.95
"511",128.5,9495.086157,34765.62492,44260.71108,2345.371599,2.910016855,227.1782465,2.95
"512",128.75,9503.78374,34768.68852,44272.47226,2345.263728,2.909883256,227.1782505,2.95
"513",129,9512.482293,34771.76182,44284.24411,2345.155861,2.909749654,227.1782544,2.95
"514",129.25,9521.181816,34774.84482,44296.02664,2345.048,2.909616049,227.1782582,2.95
"515",129.5,9529.882314,34777.93754,44307.81985,2344.940144,2.909482443,227.1782618,2.95
"516",129.75,9538.583788,34781.03995,44319.62374,2344.832292,2.909348834,227.1782653,2.95
"517",130,9547.28624,34784.15207,44331.4383,2344.724446,2.909215224,227.1782687,2.95
"518",130.25,9555.989673,34787.27388,44343.26355,2344.616604,2.909081613,227.1782719,2.95
"519",130.5,9564.694089,34790.4054,44355.09949,2344.508768,2.908948001,227.178275,2.95
"520",130.75,9573.399491,34793.54661,44366.9461,2344.400936,2.908814388,227.178278,2.95
"521",131,9582.105882,34796.69752,44378.80341,2344.293109,2.908680774,227.1782809,2.95
"522",131.25,9590.813262,34799.85813,44390.67139,2344.185288,2.90854716,227.1782837,2.95
"523",131.5,9599.521636,34803.02843,44402.55007,2344.077471,2.908413546,227.1782864,2.95
"524",131.75,9608.231005,34806.20843,44414.43943,2343.969659,2.908279933,227.1782889,2.95
"525",132,9616.941371,34809.39812,44426.33949,2343.861853,2.908146319,227.1782914,2.95
"526",132.25,9625.652737,34812.5975,44438.25023,2343.754051,2.908012707,227.1782938,2.95
"527",132.5,9634.365106,34815.80656,44450.17167,2343.646254,2.907879095,227.1782961,2.95
"528",132.75,9643.07848,34819.02532,44462.1038,2343.538462,2.907745485,227.1782983,2.95
"529",133,9651.79286,34822.25377,44474.04663,2343.430675,2.907611875,227.1783005,2.95
"530",133.25,9660.50825,34825.4919,44486.00015,2343.322893,2.907478267,227.1783025,2.95
"531",133.5,9669.224652,34828.73972,44497.96437,2343.215116,2.907344661,227.1783045,2.95
"532",133.75,9677.942069,34831.99722,44509.93929,2343.107344,2.907211056,227.1783064,2.95
"533",134,9686.660502,34835.26441,44521.92491,2342.999577,2.907077453,227.1783082,2.95
"534",134.25,9695.379954,34838.54128,44533.92123,2342.891814,2.906943853,227.17831,2.95
"535",134.5,9704.100427,34841.82782,44545.92825,2342.784057,2.906810254,227.1783117,2.95
"536",134.75,9712.821925,34845.12405,44557.94598,2342.676305,2.906676658,227.1783133,2.95
"537",135,9721.544448,34848.42996,44569.97441,2342.568558,2.906543065,227.1783149,2.95
"538",135.25,9730.268,34851.74555,44582.01355,2342.460815,2.906409474,227.1783164,2.95
"539",135.5,9738.992583,34855.07081,44594.06339,2342.353078,2.906275886,227.1783179,2.95
"540",135.75,9747.7182,34858.40574,44606.12394,2342.245345,2.906142301,227.1783193,2.95
"541",136,9756.444852,34861.75035,44618.19521,2342.137618,2.906008719,227.1783206,2.95
"542",136.25,9765.172542,34865.10464,44630.27718,2342.029895,2.90587514,227.1783219,2.95
"543",136.5,9773.901272,34868.4686,44642.36987,2341.922178,2.905741564,227.1783232,2.95
"544",136.75,9782.631046,34871.84222,44654.47327,2341.814465,2.905607992,227.1783244,2.95
"545",137,9791.361864,34875.22552,44666.58738,2341.706757,2.905474423,227.1783256,2.95
"546",137.25,9800.093731,34878.61848,44678.71222,2341.599055,2.905340858,227.1783267,2.95
"547",137.5,9808.826647,34882.02112,44690.84776,2341.491357,2.905207296,227.1783278,2.95
"548",137.75,9817.560616,34885.43342,44702.99403,2341.383664,2.905073738,227.1783288,2.95
"549",138,9826.295639,34888.85538,44715.15102,2341.275976,2.904940184,227.1783298,2.95
"550",138.25,9835.031719,34892.28701,44727.31873,2341.168293,2.904806634,227.1783308,2.95
"551",138.5,9843.768859,34895.72831,44739.49716,2341.060615,2.904673088,227.1783317,2.95
"552",138.75,9852.507061,34899.17926,44751.68632,2340.952942,2.904539546,227.1783326,2.95
"553",139,9861.246327,34902.63988,44763.8862,2340.845274,2.904406008,227.1783334,2.95
"554",139.25,9869.986659,34906.11015,44776.09681,2340.737611,2.904272474,227.1783343,2.95
"555",139.5,9878.728061,34909.59009,44788.31815,2340.629953,2.904138945,227.1783351,2.95
"556",139.75,9887.470534,34913.07968,44800.55022,2340.5223,2.90400542,227.1783358,2.95
"557",140,9896.214081,34916.57893,44812.79301,2340.414652,2.903871899,227.1783366,2.95
"558",140.25,9904.958704,34920.08784,44825.04654,2340.307008,2.903738383,227.1783373,2.95
"559",140.5,9913.704405,34923.6064,44837.3108,2340.19937,2.903604872,227.178338,2.95
"560",140.75,9922.451187,34927.13461,44849.5858,2340.091737,2.903471365,227.1783386,2.95
"561",141,9931.199053,34930.67248,44861.87153,2339.984108,2.903337863,227.1783393,2.95
"562",141.25,9939.948004,34934.22,44874.168,2339.876485,2.903204365,227.1783399,2.95
"563",141.5,9948.698043,34937.77717,44886.47521,2339.768866,2.903070873,227.1783405,2.95
"564",141.75,9957.449172,34941.34399,44898.79316,2339.661252,2.902937385,227.178341,2.95
"565",142,9966.201394,34944.92045,44911.12185,2339.553644,2.902803902,227.1783416,2.95
"566",142.25,9974.954711,34948.50657,44923.46128,2339.44604,2.902670424,227.1783421,2.95
"567",142.5,9983.709126,34952.10233,44935.81146,2339.338441,2.902536951,227.1783426,2.95
"568",142.75,9992.464641,34955.70774,44948.17238,2339.230848,2.902403483,227.1783431,2.95
"569",143,10001.22126,34959.32279,44960.54404,2339.123259,2.90227002,227.1783435,2.95
"570",143.25,10009.97898,34962.94748,44972.92646,2339.015675,2.902136562,227.178344,2.95
"571",143.5,10018.73781,34966.58182,44985.31962,2338.908096,2.902003109,227.1783444,2.95
"572",143.75,10027.49775,34970.22579,44997.72354,2338.800522,2.901869662,227.1783449,2.95
"573",144,10036.2588,34973.87941,45010.13821,2338.692953,2.901736219,227.1783453,2.95
"574",144.25,10045.02096,34977.54267,45022.56363,2338.585389,2.901602782,227.1783456,2.95
"575",144.5,10053.78424,34981.21557,45034.9998,2338.47783,2.901469351,227.178346,2.95
"576",144.75,10062.54864,34984.8981,45047.44674,2338.370275,2.901335924,227.1783464,2.95
"577",145,10071.31416,34988.59027,45059.90443,2338.262726,2.901202503,227.1783467,2.95
"578",145.25,10080.0808,34992.29207,45072.37287,2338.155182,2.901069087,227.1783471,2.95
"579",145.5,10088.84857,34996.00351,45084.85208,2338.047642,2.900935677,227.1783474,2.95
"580",145.75,10097.61747,34999.72458,45097.34205,2337.940108,2.900802272,227.1783477,2.95
"581",146,10106.3875,35003.45529,45109.84279,2337.832578,2.900668872,227.178348,2.95
"582",146.25,10115.15866,35007.19562,45122.35428,2337.725054,2.900535478,227.1783483,2.95
"583",146.5,10123.93096,35010.94559,45134.87655,2337.617534,2.900402089,227.1783485,2.95
"584",146.75,10132.70439,35014.70519,45147.40958,2337.51002,2.900268706,227.1783488,2.95
"585",147,10141.47897,35018.47441,45159.95338,2337.40251,2.900135329,227.1783491,2.95
"586",147.25,10150.25469,35022.25326,45172.50795,2337.295005,2.900001957,227.1783493,2.95
"587",147.5,10159.03155,35026.04174,45185.07329,2337.187505,2.899868591,227.1783495,2.95
"588",147.75,10167.80956,35029.83984,45197.6494,2337.080011,2.89973523,227.1783498,2.95
"589",148,10176.58872,35033.64757,45210.23629,2336.972521,2.899601875,227.17835,2.95
"590",148.25,10185.36903,35037.46492,45222.83395,2336.865036,2.899468525,227.1783502,2.95
"591",148.5,10194.1505,35041.2919,45235.44239,2336.757556,2.899335181,227.1783504,2.95
"592",148.75,10202.93312,35045.12849,45248.06161,2336.65008,2.899201843,227.1783506,2.95
"593",149,10211.7169,35048.97471,45260.69161,2336.54261,2.899068511,227.1783508,2.95
"594",149.25,10220.50185,35052.83054,45273.33239,2336.435145,2.898935184,227.178351,2.95
"595",149.5,10229.28795,35056.696,45285.98395,2336.327685,2.898801863,227.1783512,2.95
"596",149.75,10238.07523,35060.57107,45298.6463,2336.22023,2.898668548,227.1783513,2.95
"597",150,10246.86367,35064.45576,45311.31943,2336.112779,2.898535238,227.1783515,2.95
"598",150.25,10255.65328,35068.35007,45324.00335,2336.005334,2.898401935,227.1783516,2.95
"599",150.5,10264.44407,35072.25399,45336.69806,2335.897893,2.898268637,227.1783518,2.95
"600",150.75,10273.23603,35076.16752,45349.40355,2335.790458,2.898135345,227.1783519,2.95
"601",151,10282.02917,35080.09067,45362.11984,2335.683027,2.898002058,227.1783521,2.95
"602",151.25,10290.82349,35084.02343,45374.84692,2335.575601,2.897868778,227.1783522,2.95
"603",151.5,10299.619,35087.9658,45387.5848,2335.468181,2.897735503,227.1783523,2.95
"604",151.75,10308.41569,35091.91778,45400.33347,2335.360765,2.897602234,227.1783525,2.95
"605",152,10317.21356,35095.87938,45413.09294,2335.253354,2.897468971,227.1783526,2.95
"606",152.25,10326.01263,35099.85058,45425.86321,2335.145948,2.897335714,227.1783527,2.95
"607",152.5,10334.81289,35103.83139,45438.64427,2335.038547,2.897202463,227.1783528,2.95
"608",152.75,10343.61434,35107.8218,45451.43614,2334.931151,2.897069218,227.1783529,2.95
"609",153,10352.41699,35111.82182,45464.23881,2334.82376,2.896935978,227.178353,2.95
"610",153.25,10361.22084,35115.83145,45477.05229,2334.716374,2.896802745,227.1783531,2.95
"611",153.5,10370.02589,35119.85068,45489.87657,2334.608993,2.896669517,227.1783532,2.95
"612",153.75,10378.83215,35123.87951,45502.71166,2334.501616,2.896536295,227.1783533,2.95
"613",154,10387.63961,35127.91795,45515.55756,2334.394245,2.896403079,227.1783534,2.95
"614",154.25,10396.44828,35131.96598,45528.41427,2334.286879,2.896269869,227.1783535,2.95
"615",154.5,10405.25817,35136.02362,45541.28179,2334.179517,2.896136665,227.1783536,2.95
"616",154.75,10414.06926,35140.09086,45554.16012,2334.072161,2.896003467,227.1783536,2.95
"617",155,10422.88157,35144.16769,45567.04927,2333.964809,2.895870275,227.1783537,2.95
"618",155.25,10431.6951,35148.25413,45579.94923,2333.857462,2.895737089,227.1783538,2.95
"619",155.5,10440.50986,35152.35016,45592.86001,2333.750121,2.895603909,227.1783539,2.95
"620",155.75,10449.32583,35156.45579,45605.78162,2333.642784,2.895470735,227.1783539,2.95
"621",156,10458.14303,35160.57101,45618.71404,2333.535452,2.895337567,227.178354,2.95
"622",156.25,10466.96146,35164.69583,45631.65728,2333.428125,2.895204404,227.1783541,2.95
"623",156.5,10475.78111,35168.83024,45644.61135,2333.320803,2.895071248,227.1783541,2.95
"624",156.75,10484.602,35172.97424,45657.57624,2333.213486,2.894938098,227.1783542,2.95
"625",157,10493.42413,35177.12784,45670.55196,2333.106174,2.894804954,227.1783542,2.95
"626",157.25,10502.24749,35181.29102,45683.53851,2332.998867,2.894671815,227.1783543,2.95
"627",157.5,10511.07209,35185.4638,45696.53589,2332.891565,2.894538683,227.1783543,2.95
"628",157.75,10519.89794,35189.64617,45709.5441,2332.784267,2.894405557,227.1783544,2.95
"629",158,10528.72502,35193.83812,45722.56314,2332.676975,2.894272437,227.1783544,2.95
"630",158.25,10537.55336,35198.03966,45735.59302,2332.569688,2.894139322,227.1783545,2.95
"631",158.5,10546.38294,35202.25079,45748.63373,2332.462405,2.894006214,227.1783545,2.95
"632",158.75,10555.21378,35206.47151,45761.68528,2332.355128,2.893873112,227.1783546,2.95
"633",159,10564.04587,35210.70181,45774.74767,2332.247855,2.893740016,227.1783546,2.95
"634",159.25,10572.87921,35214.94169,45787.8209,2332.140587,2.893606926,227.1783546,2.95
"635",159.5,10581.71381,35219.19116,45800.90498,2332.033325,2.893473842,227.1783547,2.95
"636",159.75,10590.54968,35223.45021,45813.99989,2331.926067,2.893340764,227.1783547,2.95
"637",160,10599.38681,35227.71885,45827.10565,2331.818814,2.893207691,227.1783548,2.95
"638",160.25,10608.2252,35231.99706,45840.22226,2331.711566,2.893074625,227.1783548,2.95
"639",160.5,10617.06486,35236.28485,45853.34972,2331.604323,2.892941566,227.1783548,2.95
"640",160.75,10625.90579,35240.58223,45866.48802,2331.497085,2.892808512,227.1783549,2.95
"641",161,10634.748,35244.88918,45879.63718,2331.389852,2.892675464,227.1783549,2.95
"642",161.25,10643.59148,35249.20571,45892.79719,2331.282623,2.892542422,227.1783549,2.95
"643",161.5,10652.43623,35253.53182,45905.96805,2331.1754,2.892409386,227.1783549,2.95
"644",161.75,10661.28227,35257.8675,45919.14977,2331.068182,2.892276357,227.178355,2.95
"645",162,10670.12959,35262.21276,45932.34235,2330.960968,2.892143333,227.178355,2.95
"646",162.25,10678.97819,35266.5676,45945.54579,2330.85376,2.892010315,227.178355,2.95
"647",162.5,10687.82808,35270.932,45958.76009,2330.746556,2.891877304,227.178355,2.95
"648",162.75,10696.67926,35275.30599,45971.98525,2330.639358,2.891744298,227.1783551,2.95
"649",163,10705.53173,35279.68954,45985.22127,2330.532164,2.891611299,227.1783551,2.95
"650",163.25,10714.3855,35284.08266,45998.46816,2330.424975,2.891478306,227.1783551,2.95
"651",163.5,10723.24056,35288.48536,46011.72592,2330.317791,2.891345318,227.1783551,2.95
"652",163.75,10732.09692,35292.89763,46024.99454,2330.210613,2.891212337,227.1783552,2.95
"653",164,10740.95458,35297.31946,46038.27404,2330.103439,2.891079362,227.1783552,2.95
"654",164.25,10749.81354,35301.75087,46051.56441,2329.996269,2.890946393,227.1783552,2.95
"655",164.5,10758.67381,35306.19184,46064.86565,2329.889105,2.89081343,227.1783552,2.95
"656",164.75,10767.53539,35310.64238,46078.17776,2329.781946,2.890680473,227.1783552,2.95
"657",165,10776.39828,35315.10248,46091.50076,2329.674792,2.890547522,227.1783552,2.95
"658",165.25,10785.26248,35319.57215,46104.83463,2329.567643,2.890414578,227.1783553,2.95
"659",165.5,10794.12799,35324.05139,46118.17938,2329.460498,2.890281639,227.1783553,2.95
"660",165.75,10802.99483,35328.54018,46131.53501,2329.353359,2.890148707,227.1783553,2.95
"661",166,10811.86298,35333.03855,46144.90153,2329.246224,2.89001578,227.1783553,2.95
"662",166.25,10820.73246,35337.54647,46158.27893,2329.139094,2.88988286,227.1783553,2.95
"663",166.5,10829.60326,35342.06396,46171.66722,2329.03197,2.889749945,227.1783553,2.95
"664",166.75,10838.47539,35346.59101,46185.06639,2328.92485,2.889617037,227.1783553,2.95
"665",167,10847.34884,35351.12761,46198.47646,2328.817735,2.889484135,227.1783554,2.95
"666",167.25,10856.22363,35355.67378,46211.89741,2328.710625,2.889351239,227.1783554,2.95
"667",167.5,10865.09975,35360.22951,46225.32926,2328.60352,2.889218349,227.1783554,2.95
"668",167.75,10873.97721,35364.79479,46238.77201,2328.49642,2.889085465,227.1783554,2.95
"669",168,10882.85601,35369.36963,46252.22564,2328.389325,2.888952587,227.1783554,2.95
"670",168.25,10891.73615,35373.95403,46265.69018,2328.282235,2.888819715,227.1783554,2.95
"671",168.5,10900.61763,35378.54799,46279.16562,2328.17515,2.88868685,227.1783554,2.95
"672",168.75,10909.50046,35383.1515,46292.65196,2328.068069,2.88855399,227.1783554,2.95
"673",169,10918.38464,35387.76456,46306.1492,2327.960994,2.888421137,227.1783554,2.95
"674",169.25,10927.27016,35392.38718,46319.65734,2327.853923,2.888288289,227.1783555,2.95
"675",169.5,10936.15704,35397.01935,46333.1764,2327.746858,2.888155448,227.1783555,2.95
"676",169.75,10945.04528,35401.66108,46346.70635,2327.639797,2.888022613,227.1783555,2.95
"677",170,10953.93487,35406.31235,46360.24722,2327.532741,2.887889784,227.1783555,2.95
"678",170.25,10962.82582,35410.97318,46373.799,2327.42569,2.887756961,227.1783555,2.95
"679",170.5,10971.71814,35415.64356,46387.36169,2327.318645,2.887624144,227.1783555,2.95
"680",170.75,10980.61182,35420.32348,46400.9353,2327.211604,2.887491333,227.1783555,2.95
"681",171,10989.50687,35425.01296,46414.51982,2327.104568,2.887358528,227.1783555,2.95
"682",171.25,10998.40328,35429.71198,46428.11526,2326.997536,2.88722573,227.1783555,2.95
"683",171.5,11007.30107,35434.42055,46441.72162,2326.89051,2.887092937,227.1783555,2.95
"684",171.75,11016.20023,35439.13867,46455.33891,2326.783489,2.886960151,227.1783555,2.95
"685",172,11025.10077,35443.86634,46468.96711,2326.676473,2.88682737,227.1783555,2.95
"686",172.25,11034.00269,35448.60355,46482.60624,2326.569461,2.886694596,227.1783555,2.95
"687",172.5,11042.90599,35453.35031,46496.25629,2326.462455,2.886561828,227.1783555,2.95
"688",172.75,11051.81067,35458.10661,46509.91728,2326.355453,2.886429066,227.1783555,2.95
"689",173,11060.71674,35462.87245,46523.58919,2326.248456,2.88629631,227.1783556,2.95
"690",173.25,11069.62419,35467.64784,46537.27203,2326.141465,2.88616356,227.1783556,2.95
"691",173.5,11078.53304,35472.43277,46550.96581,2326.034478,2.886030816,227.1783556,2.95
"692",173.75,11087.44328,35477.22724,46564.67052,2325.927496,2.885898078,227.1783556,2.95
"693",174,11096.35492,35482.03125,46578.38617,2325.820519,2.885765347,227.1783556,2.95
"694",174.25,11105.26795,35486.8448,46592.11275,2325.713547,2.885632621,227.1783556,2.95
"695",174.5,11114.18238,35491.66789,46605.85028,2325.60658,2.885499902,227.1783556,2.95
"696",174.75,11123.09822,35496.50052,46619.59874,2325.499617,2.885367189,227.1783556,2.95
"697",175,11132.01546,35501.34269,46633.35815,2325.39266,2.885234481,227.1783556,2.95
"698",175.25,11140.93411,35506.1944,46647.12851,2325.285708,2.88510178,227.1783556,2.95
"699",175.5,11149.85416,35511.05565,46660.90981,2325.17876,2.884969085,227.1783556,2.95
"700",175.75,11158.77563,35515.92643,46674.70206,2325.071818,2.884836396,227.1783556,2.95
"701",176,11167.69851,35520.80675,46688.50526,2324.96488,2.884703713,227.1783556,2.95
"702",176.25,11176.62281,35525.6966,46702.31941,2324.857947,2.884571037,227.1783556,2.95
"703",176.5,11185.54853,35530.59599,46716.14452,2324.75102,2.884438366,227.1783556,2.95
"704",176.75,11194.47567,35535.50491,46729.98058,2324.644097,2.884305702,227.1783556,2.95
"705",177,11203.40423,35540.42336,46743.8276,2324.537179,2.884173043,227.1783556,2.95
"706",177.25,11212.33422,35545.35135,46757.68558,2324.430266,2.884040391,227.1783556,2.95
"707",177.5,11221.26564,35550.28887,46771.55451,2324.323358,2.883907744,227.1783556,2.95
"708",177.75,11230.19849,35555.23592,46785.43441,2324.216454,2.883775104,227.1783556,2.95
"709",178,11239.13277,35560.19251,46799.32528,2324.109556,2.88364247,227.1783556,2.95
"710",178.25,11248.06849,35565.15862,46813.22711,2324.002663,2.883509842,227.1783556,2.95
"711",178.5,11257.00564,35570.13427,46827.13991,2323.895774,2.88337722,227.1783556,2.95
"712",178.75,11265.94423,35575.11944,46841.06367,2323.788891,2.883244605,227.1783556,2.95
"713",179,11274.88427,35580.11414,46854.99841,2323.682012,2.883111995,227.1783556,2.95
"714",179.25,11283.82575,35585.11837,46868.94412,2323.575138,2.882979391,227.1783556,2.95
"715",179.5,11292.76868,35590.13213,46882.90081,2323.46827,2.882846794,227.1783556,2.95
"716",179.75,11301.71306,35595.15541,46896.86847,2323.361406,2.882714202,227.1783556,2.95
"717",180,11310.65889,35600.18822,46910.84711,2323.254547,2.882581617,227.1783556,2.95
"718",180.25,11319.60617,35605.23056,46924.83673,2323.147693,2.882449038,227.1783556,2.95
"719",180.5,11328.55491,35610.28242,46938.83734,2323.040844,2.882316465,227.1783556,2.95
"720",180.75,11337.50511,35615.34381,46952.84892,2322.933999,2.882183898,227.1783556,2.95
"721",181,11346.45677,35620.41472,46966.8715,2322.82716,2.882051337,227.1783556,2.95
"722",181.25,11355.4099,35625.49516,46980.90505,2322.720326,2.881918782,227.1783556,2.95
"723",181.5,11364.36449,35630.58511,46994.9496,2322.613496,2.881786233,227.1783556,2.95
"724",181.75,11373.32055,35635.68459,47009.00514,2322.506672,2.88165369,227.1783556,2.95
"725",182,11382.27808,35640.7936,47023.07167,2322.399852,2.881521154,227.1783556,2.95
"726",182.25,11391.23708,35645.91212,47037.1492,2322.293037,2.881388623,227.1783556,2.95
"727",182.5,11400.19756,35651.04016,47051.23772,2322.186227,2.881256099,227.1783556,2.95
"728",182.75,11409.15951,35656.17773,47065.33724,2322.079423,2.881123581,227.1783557,2.95
"729",183,11418.12295,35661.32481,47079.44776,2321.972623,2.880991069,227.1783557,2.95
"730",183.25,11427.08787,35666.48142,47093.56928,2321.865827,2.880858562,227.1783557,2.95
"731",183.5,11436.05427,35671.64754,47107.70181,2321.759037,2.880726062,227.1783557,2.95
"732",183.75,11445.02216,35676.82318,47121.84534,2321.652252,2.880593568,227.1783557,2.95
"733",184,11453.99154,35682.00834,47135.99988,2321.545472,2.880461081,227.1783557,2.95
"734",184.25,11462.96241,35687.20301,47150.16542,2321.438696,2.880328599,227.1783557,2.95
"735",184.5,11471.93478,35692.40721,47164.34198,2321.331926,2.880196123,227.1783557,2.95
"736",184.75,11480.90864,35697.62091,47178.52955,2321.22516,2.880063654,227.1783557,2.95
"737",185,11489.884,35702.84414,47192.72813,2321.118399,2.87993119,227.1783557,2.95
"738",185.25,11498.86086,35708.07687,47206.93774,2321.011644,2.879798733,227.1783557,2.95
"739",185.5,11507.83923,35713.31913,47221.15835,2320.904893,2.879666282,227.1783557,2.95
"740",185.75,11516.8191,35718.57089,47235.38999,2320.798147,2.879533836,227.1783557,2.95
"741",186,11525.80048,35723.83218,47249.63265,2320.691406,2.879401397,227.1783557,2.95
"742",186.25,11534.78337,35729.10297,47263.88634,2320.584669,2.879268964,227.1783557,2.95
"743",186.5,11543.76777,35734.38327,47278.15105,2320.477938,2.879136537,227.1783557,2.95
"744",186.75,11552.75369,35739.67309,47292.42678,2320.371212,2.879004117,227.1783557,2.95
"745",187,11561.74113,35744.97242,47306.71355,2320.26449,2.878871702,227.1783557,2.95
"746",187.25,11570.73009,35750.28126,47321.01135,2320.157774,2.878739293,227.1783557,2.95
"747",187.5,11579.72057,35755.59961,47335.32018,2320.051062,2.878606891,227.1783557,2.95
"748",187.75,11588.71257,35760.92747,47349.64004,2319.944356,2.878474494,227.1783557,2.95
"749",188,11597.7061,35766.26485,47363.97095,2319.837654,2.878342104,227.1783557,2.95
"750",188.25,11606.70116,35771.61172,47378.31289,2319.730957,2.878209719,227.1783557,2.95
"751",188.5,11615.69775,35776.96811,47392.66587,2319.624265,2.878077341,227.1783557,2.95
"752",188.75,11624.69588,35782.33401,47407.02989,2319.517578,2.877944969,227.1783557,2.95
"753",189,11633.69554,35787.70941,47421.40496,2319.410896,2.877812603,227.1783557,2.95
"754",189.25,11642.69675,35793.09433,47435.79107,2319.304218,2.877680243,227.1783557,2.95
"755",189.5,11651.69949,35798.48874,47450.18823,2319.197546,2.877547889,227.1783557,2.95
"756",189.75,11660.70378,35803.89267,47464.59644,2319.090879,2.877415541,227.1783557,2.95
"757",190,11669.70961,35809.3061,47479.01571,2318.984216,2.8772832,227.1783557,2.95
"758",190.25,11678.71699,35814.72903,47493.44603,2318.877558,2.877150864,227.1783557,2.95
"759",190.5,11687.72592,35820.16147,47507.8874,2318.770906,2.877018535,227.1783557,2.95
"760",190.75,11696.73641,35825.60342,47522.33983,2318.664258,2.876886211,227.1783557,2.95
"761",191,11705.74845,35831.05487,47536.80332,2318.557615,2.876753894,227.1783557,2.95
"762",191.25,11714.76205,35836.51582,47551.27787,2318.450977,2.876621582,227.1783557,2.95
"763",191.5,11723.7772,35841.98628,47565.76348,2318.344344,2.876489277,227.1783557,2.95
"764",191.75,11732.79392,35847.46624,47580.26016,2318.237716,2.876356978,227.1783557,2.95
"765",192,11741.81221,35852.9557,47594.76791,2318.131092,2.876224685,227.1783557,2.95
"766",192.25,11750.83206,35858.45466,47609.28672,2318.024474,2.876092398,227.1783557,2.95
"767",192.5,11759.85348,35863.96312,47623.81661,2317.91786,2.875960117,227.1783557,2.95
"768",192.75,11768.87648,35869.48109,47638.35757,2317.811252,2.875827843,227.1783557,2.95
"769",193,11777.90104,35875.00855,47652.9096,2317.704648,2.875695574,227.1783557,2.95
"770",193.25,11786.92719,35880.54552,47667.47271,2317.598049,2.875563311,227.1783557,2.95
"771",193.5,11795.95491,35886.09199,47682.0469,2317.491455,2.875431055,227.1783557,2.95
"772",193.75,11804.98422,35891.64795,47696.63217,2317.384866,2.875298804,227.1783557,2.95
"773",194,11814.0151,35897.21341,47711.22852,2317.278282,2.87516656,227.1783557,2.95
"774",194.25,11823.04758,35902.78838,47725.83595,2317.171703,2.875034322,227.1783557,2.95
"775",194.5,11832.08164,35908.37284,47740.45448,2317.065129,2.87490209,227.1783557,2.95
"776",194.75,11841.11729,35913.9668,47755.08409,2316.958559,2.874769864,227.1783557,2.95
"777",195,11850.15454,35919.57025,47769.72479,2316.851995,2.874637643,227.1783557,2.95
"778",195.25,11859.19338,35925.1832,47784.37658,2316.745435,2.87450543,227.1783557,2.95
"779",195.5,11868.23382,35930.80565,47799.03947,2316.638881,2.874373222,227.1783557,2.95
"780",195.75,11877.27585,35936.4376,47813.71345,2316.532331,2.87424102,227.1783557,2.95
"781",196,11886.3195,35942.07904,47828.39853,2316.425786,2.874108824,227.1783557,2.95
"782",196.25,11895.36474,35947.72997,47843.09472,2316.319246,2.873976635,227.1783557,2.95
"783",196.5,11904.41159,35953.39041,47857.802,2316.212711,2.873844451,227.1783557,2.95
"784",196.75,11913.46006,35959.06033,47872.52039,2316.106181,2.873712274,227.1783557,2.95
"785",197,11922.51013,35964.73975,47887.24988,2315.999656,2.873580102,227.1783557,2.95
"786",197.25,11931.56182,35970.42866,47901.99048,2315.893135,2.873447937,227.1783557,2.95
"787",197.5,11940.61512,35976.12707,47916.74219,2315.78662,2.873315778,227.1783557,2.95
"788",197.75,11949.67004,35981.83497,47931.50502,2315.680109,2.873183625,227.1783557,2.95
"789",198,11958.72659,35987.55237,47946.27895,2315.573604,2.873051477,227.1783557,2.95
"790",198.25,11967.78476,35993.27925,47961.06401,2315.467103,2.872919336,227.1783557,2.95
"791",198.5,11976.84455,35999.01563,47975.86018,2315.360607,2.872787202,227.1783557,2.95
"792",198.75,11985.90597,36004.7615,47990.66747,2315.254116,2.872655073,227.1783557,2.95
"793",199,11994.96902,36010.51686,48005.48588,2315.14763,2.87252295,227.1783557,2.95
"794",199.25,12004.03371,36016.28171,48020.31542,2315.041149,2.872390833,227.1783557,2.95
"795",199.5,12013.10003,36022.05605,48035.15608,2314.934672,2.872258723,227.1783557,2.95
"796",199.75,12022.16799,36027.83988,48050.00787,2314.828201,2.872126618,227.1783557,2.95
"797",200,12031.23759,36033.63321,48064.87079,2314.721734,2.87199452,227.1783557,2.95
"798",200.25,12040.30883,36039.43602,48079.74484,2314.615273,2.871862427,227.1783557,2.95
"799",200.5,12049.38171,36045.24832,48094.63003,2314.508816,2.871730341,227.1783557,2.95
"800",200.75,12058.45624,36051.07011,48109.52635,2314.402364,2.871598261,227.1783557,2.95
"801",201,12067.53242,36056.90139,48124.43381,2314.295917,2.871466187,227.1783557,2.95
"802",201.25,12076.61026,36062.74216,48139.35241,2314.189475,2.871334118,227.1783557,2.95
"803",201.5,12085.68974,36068.59241,48154.28215,2314.083038,2.871202056,227.1783557,2.95
"804",201.75,12094.77089,36074.45215,48169.22304,2313.976606,2.871070001,227.1783557,2.95
"805",202,12103.85369,36080.32138,48184.17507,2313.870179,2.870937951,227.1783557,2.95
"806",202.25,12112.93815,36086.2001,48199.13825,2313.763756,2.870805907,227.1783557,2.95
"807",202.5,12122.02428,36092.0883,48214.11258,2313.657339,2.870673869,227.1783557,2.95
"808",202.75,12131.11207,36097.98599,48229.09807,2313.550926,2.870541838,227.1783557,2.95
"809",203,12140.20153,36103.89317,48244.0947,2313.444518,2.870409812,227.1783557,2.95
"810",203.25,12149.29266,36109.80983,48259.1025,2313.338116,2.870277792,227.1783557,2.95
"811",203.5,12158.38547,36115.73598,48274.12145,2313.231718,2.870145779,227.1783557,2.95
"812",203.75,12167.47995,36121.67161,48289.15156,2313.125325,2.870013772,227.1783557,2.95
"813",204,12176.5761,36127.61673,48304.19283,2313.018936,2.86988177,227.1783557,2.95
"814",204.25,12185.67394,36133.57133,48319.24527,2312.912553,2.869749775,227.1783557,2.95
"815",204.5,12194.77346,36139.53542,48334.30888,2312.806175,2.869617786,227.1783557,2.95
"816",204.75,12203.87466,36145.50899,48349.38365,2312.699801,2.869485803,227.1783557,2.95
"817",205,12212.97755,36151.49204,48364.4696,2312.593433,2.869353826,227.1783557,2.95
"818",205.25,12222.08213,36157.48458,48379.56671,2312.487069,2.869221855,227.1783557,2.95
"819",205.5,12231.1884,36163.4866,48394.675,2312.38071,2.86908989,227.1783557,2.95
"820",205.75,12240.29637,36169.4981,48409.79447,2312.274356,2.868957931,227.1783557,2.95
"821",206,12249.40603,36175.51909,48424.92512,2312.168007,2.868825979,227.1783557,2.95
"822",206.25,12258.51739,36181.54956,48440.06695,2312.061663,2.868694032,227.1783557,2.95
"823",206.5,12267.63045,36187.58951,48455.21996,2311.955324,2.868562091,227.1783557,2.95
"824",206.75,12276.74522,36193.63894,48470.38416,2311.848989,2.868430157,227.1783557,2.95
"825",207,12285.86169,36199.69786,48485.55955,2311.74266,2.868298228,227.1783557,2.95
"826",207.25,12294.97987,36205.76625,48500.74612,2311.636335,2.868166306,227.1783557,2.95
"827",207.5,12304.09976,36211.84413,48515.94389,2311.530016,2.86803439,227.1783557,2.95
"828",207.75,12313.22136,36217.93149,48531.15285,2311.423701,2.867902479,227.1783557,2.95
"829",208,12322.34467,36224.02833,48546.373,2311.317391,2.867770575,227.1783557,2.95
"830",208.25,12331.46971,36230.13464,48561.60435,2311.211086,2.867638677,227.1783557,2.95
"831",208.5,12340.59646,36236.25044,48576.84691,2311.104786,2.867506785,227.1783557,2.95
"832",208.75,12349.72494,36242.37572,48592.10066,2310.998491,2.867374899,227.1783557,2.95
"833",209,12358.85514,36248.51048,48607.36562,2310.8922,2.867243019,227.1783557,2.95
"834",209.25,12367.98707,36254.65472,48622.64179,2310.785915,2.867111145,227.1783557,2.95
"835",209.5,12377.12072,36260.80843,48637.92916,2310.679634,2.866979278,227.1783557,2.95
"836",209.75,12386.25611,36266.97163,48653.22774,2310.573358,2.866847416,227.1783557,2.95
"837",210,12395.39324,36273.1443,48668.53754,2310.467088,2.86671556,227.1783557,2.95
"838",210.25,12404.53209,36279.32646,48683.85855,2310.360822,2.866583711,227.1783557,2.95
"839",210.5,12413.67269,36285.51809,48699.19078,2310.254561,2.866451867,227.1783557,2.95
"840",210.75,12422.81503,36291.7192,48714.53423,2310.148305,2.86632003,227.1783557,2.95
"841",211,12431.95911,36297.92978,48729.8889,2310.042053,2.866188198,227.1783557,2.95
"842",211.25,12441.10494,36304.14985,48745.25479,2309.935807,2.866056373,227.1783557,2.95
"843",211.5,12450.25252,36310.37939,48760.63191,2309.829565,2.865924554,227.1783557,2.95
"844",211.75,12459.40184,36316.61841,48776.02025,2309.723329,2.86579274,227.1783557,2.95
"845",212,12468.55292,36322.86691,48791.41982,2309.617097,2.865660933,227.1783557,2.95
"846",212.25,12477.70575,36329.12488,48806.83063,2309.51087,2.865529132,227.1783557,2.95
"847",212.5,12486.86034,36335.39233,48822.25267,2309.404648,2.865397337,227.1783557,2.95
"848",212.75,12496.0167,36341.66925,48837.68595,2309.298431,2.865265548,227.1783557,2.95
"849",213,12505.17481,36347.95566,48853.13046,2309.192219,2.865133765,227.1783557,2.95
"850",213.25,12514.33469,36354.25153,48868.58622,2309.086012,2.865001989,227.1783557,2.95
"851",213.5,12523.49633,36360.55689,48884.05322,2308.97981,2.864870218,227.1783557,2.95
"852",213.75,12532.65974,36366.87172,48899.53146,2308.873612,2.864738453,227.1783557,2.95
"853",214,12541.82493,36373.19602,48915.02095,2308.767419,2.864606694,227.1783557,2.95
"854",214.25,12550.99189,36379.5298,48930.52169,2308.661232,2.864474942,227.1783557,2.95
"855",214.5,12560.16062,36385.87306,48946.03368,2308.555049,2.864343195,227.1783557,2.95
"856",214.75,12569.33114,36392.22579,48961.55693,2308.448871,2.864211455,227.1783557,2.95
"857",215,12578.50343,36398.588,48977.09143,2308.342698,2.86407972,227.1783557,2.95
"858",215.25,12587.67751,36404.95968,48992.63718,2308.23653,2.863947992,227.1783557,2.95
"859",215.5,12596.85337,36411.34083,49008.1942,2308.130366,2.86381627,227.1783557,2.95
"860",215.75,12606.03102,36417.73146,49023.76248,2308.024208,2.863684553,227.1783557,2.95
"861",216,12615.21046,36424.13156,49039.34203,2307.918054,2.863552843,227.1783557,2.95
"862",216.25,12624.3917,36430.54114,49054.93284,2307.811906,2.863421139,227.1783557,2.95
"863",216.5,12633.57473,36436.96019,49070.53492,2307.705762,2.863289441,227.1783557,2.95
"864",216.75,12642.75955,36443.38872,49086.14827,2307.599623,2.863157749,227.1783557,2.95
"865",217,12651.94618,36449.82672,49101.7729,2307.493489,2.863026063,227.1783557,2.95
"866",217.25,12661.13461,36456.27419,49117.4088,2307.38736,2.862894383,227.1783557,2.95
"867",217.5,12670.32484,36462.73113,49133.05597,2307.281235,2.862762709,227.1783557,2.95
"868",217.75,12679.51688,36469.19755,49148.71443,2307.175116,2.862631042,227.1783557,2.95
"869",218,12688.71073,36475.67344,49164.38417,2307.069002,2.86249938,227.1783557,2.95
"870",218.25,12697.90639,36482.15881,49180.0652,2306.962892,2.862367724,227.1783557,2.95
"871",218.5,12707.10386,36488.65364,49195.75751,2306.856787,2.862236075,227.1783557,2.95
"872",218.75,12716.30315,36495.15795,49211.46111,2306.750687,2.862104431,227.1783557,2.95
"873",219,12725.50426,36501.67174,49227.176,2306.644592,2.861972793,227.1783557,2.95
"874",219.25,12734.70719,36508.19499,49242.90218,2306.538502,2.861841162,227.1783557,2.95
"875",219.5,12743.91195,36514.72772,49258.63966,2306.432417,2.861709537,227.1783557,2.95
"876",219.75,12753.11852,36521.26992,49274.38844,2306.326337,2.861577917,227.1783557,2.95
"877",220,12762.32693,36527.82159,49290.14852,2306.220261,2.861446304,227.1783557,2.95
"878",220.25,12771.53717,36534.38273,49305.9199,2306.114191,2.861314697,227.1783557,2.95
"879",220.5,12780.74924,36540.95335,49321.70258,2306.008125,2.861183096,227.1783557,2.95
"880",220.75,12789.96314,36547.53343,49337.49657,2305.902064,2.8610515,227.1783557,2.95
"881",221,12799.17888,36554.12299,49353.30187,2305.796008,2.860919911,227.1783557,2.95
"882",221.25,12808.39646,36560.72202,49369.11848,2305.689957,2.860788328,227.1783557,2.95
"883",221.5,12817.61588,36567.33052,49384.94641,2305.583911,2.860656751,227.1783557,2.95
"884",221.75,12826.83715,36573.9485,49400.78565,2305.47787,2.86052518,227.1783557,2.95
"885",222,12836.06027,36580.57594,49416.63621,2305.371833,2.860393615,227.1783557,2.95
"886",222.25,12845.28523,36587.21286,49432.49809,2305.265802,2.860262057,227.1783557,2.95
"887",222.5,12854.51204,36593.85924,49448.37129,2305.159775,2.860130504,227.1783557,2.95
"888",222.75,12863.74071,36600.5151,49464.25581,2305.053753,2.859998957,227.1783557,2.95
"889",223,12872.97124,36607.18043,49480.15167,2304.947736,2.859867416,227.1783557,2.95
"890",223.25,12882.20362,36613.85523,49496.05885,2304.841724,2.859735882,227.1783557,2.95
"891",223.5,12891.43786,36620.5395,49511.97736,2304.735717,2.859604353,227.1783557,2.95
"892",223.75,12900.67397,36627.23324,49527.90721,2304.629715,2.859472831,227.1783557,2.95
"893",224,12909.91194,36633.93645,49543.84839,2304.523717,2.859341314,227.1783557,2.95
"894",224.25,12919.15178,36640.64913,49559.80092,2304.417725,2.859209804,227.1783557,2.95
"895",224.5,12928.39349,36647.37129,49575.76478,2304.311737,2.8590783,227.1783557,2.95
"896",224.75,12937.63708,36654.10291,49591.73999,2304.205754,2.858946801,227.1783557,2.95
"897",225,12946.88254,36660.844,49607.72654,2304.099776,2.858815309,227.1783557,2.95
"898",225.25,12956.12987,36667.59457,49623.72444,2303.993803,2.858683823,227.1783557,2.95
"899",225.5,12965.37909,36674.3546,49639.73369,2303.887835,2.858552342,227.1783557,2.95
"900",225.75,12974.63018,36681.12411,49655.75429,2303.781872,2.858420868,227.1783557,2.95
"901",226,12983.88316,36687.90308,49671.78625,2303.675913,2.8582894,227.1783557,2.95
"902",226.25,12993.13803,36694.69153,49687.82956,2303.56996,2.858157938,227.1783557,2.95
"903",226.5,13002.39479,36701.48944,49703.88423,2303.464011,2.858026482,227.1783557,2.95
"904",226.75,13011.65344,36708.29683,49719.95027,2303.358067,2.857895032,227.1783557,2.95
"905",227,13020.91398,36715.11369,49736.02767,2303.252128,2.857763588,227.1783557,2.95
"906",227.25,13030.17642,36721.94001,49752.11643,2303.146194,2.85763215,227.1783557,2.95
"907",227.5,13039.44075,36728.77581,49768.21656,2303.040265,2.857500719,227.1783557,2.95
"908",227.75,13048.70699,36735.62108,49784.32807,2302.934341,2.857369293,227.1783557,2.95
"909",228,13057.97513,36742.47581,49800.45094,2302.828421,2.857237873,227.1783557,2.95
"910",228.25,13067.24518,36749.34002,49816.5852,2302.722507,2.857106459,227.1783557,2.95
"911",228.5,13076.51713,36756.2137,49832.73083,2302.616597,2.856975052,227.1783557,2.95
"912",228.75,13085.791,36763.09684,49848.88784,2302.510692,2.85684365,227.1783557,2.95
"913",229,13095.06677,36769.98946,49865.05623,2302.404792,2.856712255,227.1783557,2.95
"914",229.25,13104.34446,36776.89155,49881.23601,2302.298897,2.856580865,227.1783557,2.95
"915",229.5,13113.62407,36783.8031,49897.42717,2302.193007,2.856449482,227.1783557,2.95
"916",229.75,13122.9056,36790.72413,49913.62973,2302.087121,2.856318104,227.1783557,2.95
"917",230,13132.18905,36797.65463,49929.84368,2301.981241,2.856186733,227.1783557,2.95
"918",230.25,13141.47442,36804.59459,49946.06902,2301.875365,2.856055368,227.1783557,2.95
"919",230.5,13150.76173,36811.54403,49962.30576,2301.769495,2.855924008,227.1783557,2.95
"920",230.75,13160.05096,36818.50294,49978.55389,2301.663629,2.855792655,227.1783557,2.95
"921",231,13169.34212,36825.47131,49994.81343,2301.557768,2.855661308,227.1783557,2.95
"922",231.25,13178.63521,36832.44916,50011.08437,2301.451911,2.855529967,227.1783557,2.95
"923",231.5,13187.93024,36839.43648,50027.36672,2301.34606,2.855398632,227.1783557,2.95
"924",231.75,13197.22721,36846.43326,50043.66048,2301.240214,2.855267302,227.1783557,2.95
"925",232,13206.52612,36853.43952,50059.96565,2301.134372,2.855135979,227.1783557,2.95
"926",232.25,13215.82698,36860.45525,50076.28223,2301.028536,2.855004662,227.1783557,2.95
"927",232.5,13225.12978,36867.48045,50092.61022,2300.922704,2.854873351,227.1783557,2.95
"928",232.75,13234.43452,36874.51511,50108.94964,2300.816877,2.854742047,227.1783557,2.95
"929",233,13243.74122,36881.55925,50125.30047,2300.711055,2.854610748,227.1783557,2.95
"930",233.25,13253.04987,36888.61286,50141.66273,2300.605238,2.854479455,227.1783557,2.95
"931",233.5,13262.36048,36895.67594,50158.03641,2300.499425,2.854348168,227.1783557,2.95
"932",233.75,13271.67304,36902.74849,50174.42152,2300.393618,2.854216887,227.1783557,2.95
"933",234,13280.98756,36909.83051,50190.81807,2300.287815,2.854085612,227.1783557,2.95
"934",234.25,13290.30404,36916.922,50207.22604,2300.182017,2.853954344,227.1783557,2.95
"935",234.5,13299.62249,36924.02296,50223.64545,2300.076225,2.853823081,227.1783557,2.95
"936",234.75,13308.9429,36931.13339,50240.07629,2299.970437,2.853691824,227.1783557,2.95
"937",235,13318.26529,36938.25329,50256.51858,2299.864653,2.853560574,227.1783557,2.95
"938",235.25,13327.58964,36945.38266,50272.97231,2299.758875,2.853429329,227.1783557,2.95
"939",235.5,13336.91597,36952.52151,50289.43748,2299.653102,2.853298091,227.1783557,2.95
"940",235.75,13346.24428,36959.66982,50305.9141,2299.547333,2.853166858,227.1783557,2.95
